DATE,LIBOR 1-Month
1/2/2007,5.32063
1/3/2007,5.32
1/4/2007,5.32
1/5/2007,5.32
1/8/2007,5.32
1/9/2007,5.32
1/10/2007,5.32
1/11/2007,5.32
1/12/2007,5.32
1/15/2007,5.32
1/16/2007,5.32
1/17/2007,5.32
1/18/2007,5.32
1/19/2007,5.32
1/22/2007,5.32
1/23/2007,5.32
1/24/2007,5.32
1/25/2007,5.32
1/26/2007,5.32
1/29/2007,5.32
1/30/2007,5.32
1/31/2007,5.32
2/1/2007,5.32
2/2/2007,5.32
2/5/2007,5.32
2/6/2007,5.32
2/7/2007,5.32
2/8/2007,5.32
2/9/2007,5.32
2/12/2007,5.32
2/13/2007,5.32
2/14/2007,5.32
2/15/2007,5.32
2/16/2007,5.32
2/19/2007,5.32
2/20/2007,5.32
2/21/2007,5.32
2/22/2007,5.32
2/23/2007,5.32
2/26/2007,5.32
2/27/2007,5.32
2/28/2007,5.32
3/1/2007,5.32
3/2/2007,5.32
3/5/2007,5.31913
3/6/2007,5.32
3/7/2007,5.32
3/8/2007,5.32
3/9/2007,5.32
3/12/2007,5.32
3/13/2007,5.32
3/14/2007,5.32
3/15/2007,5.32
3/16/2007,5.32
3/19/2007,5.32
3/20/2007,5.32
3/21/2007,5.32
3/22/2007,5.32
3/23/2007,5.32
3/26/2007,5.32
3/27/2007,5.32
3/28/2007,5.32
3/29/2007,5.32
3/30/2007,5.32
4/2/2007,5.32
4/3/2007,5.32
4/4/2007,5.32
4/5/2007,5.32
4/6/2007,.
4/9/2007,.
4/10/2007,5.32
4/11/2007,5.32
4/12/2007,5.32
4/13/2007,5.32
4/16/2007,5.32
4/17/2007,5.32
4/18/2007,5.32
4/19/2007,5.32
4/20/2007,5.32
4/23/2007,5.32
4/24/2007,5.32
4/25/2007,5.32
4/26/2007,5.32
4/27/2007,5.32
4/30/2007,5.32
5/1/2007,5.32
5/2/2007,5.32
5/3/2007,5.32
5/4/2007,5.32
5/7/2007,.
5/8/2007,5.32
5/9/2007,5.32
5/10/2007,5.32
5/11/2007,5.32
5/14/2007,5.32
5/15/2007,5.32
5/16/2007,5.32
5/17/2007,5.32
5/18/2007,5.32
5/21/2007,5.32
5/22/2007,5.32
5/23/2007,5.32
5/24/2007,5.32
5/25/2007,5.32
5/28/2007,.
5/29/2007,5.32
5/30/2007,5.32
5/31/2007,5.32
6/1/2007,5.32
6/4/2007,5.32
6/5/2007,5.32
6/6/2007,5.32
6/7/2007,5.32
6/8/2007,5.32
6/11/2007,5.32
6/12/2007,5.32
6/13/2007,5.32
6/14/2007,5.32
6/15/2007,5.32
6/18/2007,5.32
6/19/2007,5.32
6/20/2007,5.32
6/21/2007,5.32
6/22/2007,5.32
6/25/2007,5.32
6/26/2007,5.32
6/27/2007,5.32
6/28/2007,5.32
6/29/2007,5.32
7/2/2007,5.32
7/3/2007,5.32
7/4/2007,5.32
7/5/2007,5.32
7/6/2007,5.32
7/9/2007,5.32
7/10/2007,5.32
7/11/2007,5.32
7/12/2007,5.32
7/13/2007,5.32
7/16/2007,5.32
7/17/2007,5.32
7/18/2007,5.32
7/19/2007,5.32
7/20/2007,5.32
7/23/2007,5.32
7/24/2007,5.32
7/25/2007,5.32
7/26/2007,5.32
7/27/2007,5.32
7/30/2007,5.32
7/31/2007,5.32
8/1/2007,5.3275
8/2/2007,5.33
8/3/2007,5.33
8/6/2007,5.33
8/7/2007,5.33
8/8/2007,5.35
8/9/2007,5.54125
8/10/2007,5.61875
8/13/2007,5.61125
8/14/2007,5.58875
8/15/2007,5.56938
8/16/2007,5.5375
8/17/2007,5.51
8/20/2007,5.50125
8/21/2007,5.5
8/22/2007,5.5
8/23/2007,5.505
8/24/2007,5.5025
8/27/2007,.
8/28/2007,5.5075
8/29/2007,5.565
8/30/2007,5.665
8/31/2007,5.72
9/3/2007,5.765
9/4/2007,5.7975
9/5/2007,5.81875
9/6/2007,5.82
9/7/2007,5.82375
9/10/2007,5.80625
9/11/2007,5.80313
9/12/2007,5.8
9/13/2007,5.7525
9/14/2007,5.61375
9/17/2007,5.5025
9/18/2007,5.49625
9/19/2007,5.14875
9/20/2007,5.13625
9/21/2007,5.13125
9/24/2007,5.12875
9/25/2007,5.12875
9/26/2007,5.12875
9/27/2007,5.1275
9/28/2007,5.12375
10/1/2007,5.12063
10/2/2007,5.12625
10/3/2007,5.125
10/4/2007,5.125
10/5/2007,5.12188
10/8/2007,5.12
10/9/2007,5.11625
10/10/2007,5.11
10/11/2007,5.09125
10/12/2007,5.06
10/15/2007,5.045
10/16/2007,5.035
10/17/2007,5.02125
10/18/2007,4.9975
10/19/2007,4.95
10/22/2007,4.8925
10/23/2007,4.8725
10/24/2007,4.85625
10/25/2007,4.81875
10/26/2007,4.7925
10/29/2007,4.7525
10/30/2007,4.71625
10/31/2007,4.70625
11/1/2007,4.6875
11/2/2007,4.6775
11/5/2007,4.6675
11/6/2007,4.66688
11/7/2007,4.665
11/8/2007,4.66
11/9/2007,4.65938
11/12/2007,4.65313
11/13/2007,4.65188
11/14/2007,4.65813
11/15/2007,4.68625
11/16/2007,4.74
11/19/2007,4.7675
11/20/2007,4.78
11/21/2007,4.78313
11/22/2007,4.78875
11/23/2007,4.79313
11/26/2007,4.8
11/27/2007,4.80875
11/28/2007,4.82188
11/29/2007,5.225
11/30/2007,5.23625
12/3/2007,5.24563
12/4/2007,5.25188
12/5/2007,5.25
12/6/2007,5.2425
12/7/2007,5.2375
12/10/2007,5.23188
12/11/2007,5.20375
12/12/2007,5.1025
12/13/2007,5.0275
12/14/2007,4.99625
12/17/2007,4.965
12/18/2007,4.94875
12/19/2007,4.93188
12/20/2007,4.89625
12/21/2007,4.865
12/24/2007,4.855
12/25/2007,.
12/26/2007,.
12/27/2007,4.845
12/28/2007,4.63125
12/31/2007,4.6
1/1/2008,.
1/2/2008,4.57
1/3/2008,4.54
1/4/2008,4.515
1/7/2008,4.44125
1/8/2008,4.41125
1/9/2008,4.37063
1/10/2008,4.31938
1/11/2008,4.23625
1/14/2008,4.08125
1/15/2008,4.0225
1/16/2008,3.98938
1/17/2008,3.95875
1/18/2008,3.93438
1/21/2008,3.9025
1/22/2008,3.77375
1/23/2008,3.37625
1/24/2008,3.285
1/25/2008,3.3125
1/28/2008,3.28125
1/29/2008,3.27125
1/30/2008,3.26375
1/31/2008,3.14375
2/1/2008,3.14125
2/4/2008,3.18125
2/5/2008,3.21813
2/6/2008,3.1925
2/7/2008,3.165
2/8/2008,3.15375
2/11/2008,3.13875
2/12/2008,3.1275
2/13/2008,3.12125
2/14/2008,3.11625
2/15/2008,3.11875
2/18/2008,3.11375
2/19/2008,3.11063
2/20/2008,3.1175
2/21/2008,3.135
2/22/2008,3.12
2/25/2008,3.12375
2/26/2008,3.125
2/27/2008,3.12188
2/28/2008,3.11938
2/29/2008,3.11063
3/3/2008,3.08625
3/4/2008,3.08
3/5/2008,3.075
3/6/2008,3.05813
3/7/2008,3
3/10/2008,2.935
3/11/2008,2.89
3/12/2008,2.86125
3/13/2008,2.8175
3/14/2008,2.775
3/17/2008,2.55875
3/18/2008,2.53563
3/19/2008,2.59875
3/20/2008,2.60625
3/21/2008,.
3/24/2008,.
3/25/2008,2.65375
3/26/2008,2.6775
3/27/2008,2.70375
3/28/2008,2.70875
3/31/2008,2.70313
4/1/2008,2.7
4/2/2008,2.71
4/3/2008,2.74125
4/4/2008,2.73875
4/7/2008,2.72438
4/8/2008,2.72156
4/9/2008,2.72688
4/10/2008,2.7175
4/11/2008,2.71594
4/14/2008,2.71313
4/15/2008,2.71625
4/16/2008,2.73219
4/17/2008,2.8
4/18/2008,2.87375
4/21/2008,2.8975
4/22/2008,2.895
4/23/2008,2.895
4/24/2008,2.88625
4/25/2008,2.88125
4/28/2008,2.8625
4/29/2008,2.8275
4/30/2008,2.8025
5/1/2008,2.72375
5/2/2008,2.6975
5/5/2008,.
5/6/2008,2.67375
5/7/2008,2.62125
5/8/2008,2.59
5/9/2008,2.55
5/12/2008,2.52938
5/13/2008,2.51438
5/14/2008,2.505
5/15/2008,2.4975
5/16/2008,2.47875
5/19/2008,2.45125
5/20/2008,2.43
5/21/2008,2.40438
5/22/2008,2.3925
5/23/2008,2.3825
5/26/2008,.
5/27/2008,2.37875
5/28/2008,2.38125
5/29/2008,2.45938
5/30/2008,2.4575
6/2/2008,2.45563
6/3/2008,2.45125
6/4/2008,2.45
6/5/2008,2.44813
6/6/2008,2.44938
6/9/2008,2.44813
6/10/2008,2.475
6/11/2008,2.47688
6/12/2008,2.47125
6/13/2008,2.48188
6/16/2008,2.48125
6/17/2008,2.4825
6/18/2008,2.48188
6/19/2008,2.48125
6/20/2008,2.48125
6/23/2008,2.4825
6/24/2008,2.48188
6/25/2008,2.4825
6/26/2008,2.4825
6/27/2008,2.47063
6/30/2008,2.4625
7/1/2008,2.46125
7/2/2008,2.4625
7/3/2008,2.46
7/4/2008,2.46125
7/7/2008,2.46125
7/8/2008,2.45875
7/9/2008,2.45875
7/10/2008,2.45625
7/11/2008,2.4575
7/14/2008,2.46
7/15/2008,2.45813
7/16/2008,2.45625
7/17/2008,2.45813
7/18/2008,2.45938
7/21/2008,2.46063
7/22/2008,2.46188
7/23/2008,2.46125
7/24/2008,2.46
7/25/2008,2.4575
7/28/2008,2.4625
7/29/2008,2.46313
7/30/2008,2.46375
7/31/2008,2.46125
8/1/2008,2.46
8/4/2008,2.46125
8/5/2008,2.4625
8/6/2008,2.46188
8/7/2008,2.46313
8/8/2008,2.46063
8/11/2008,2.46375
8/12/2008,2.46375
8/13/2008,2.46688
8/14/2008,2.46563
8/15/2008,2.46563
8/18/2008,2.47063
8/19/2008,2.47125
8/20/2008,2.47188
8/21/2008,2.47188
8/22/2008,2.47188
8/25/2008,.
8/26/2008,2.47
8/27/2008,2.46875
8/28/2008,2.48625
8/29/2008,2.48563
9/1/2008,2.48563
9/2/2008,2.48563
9/3/2008,2.4875
9/4/2008,2.48688
9/5/2008,2.48688
9/8/2008,2.48813
9/9/2008,2.48875
9/10/2008,2.48688
9/11/2008,2.4875
9/12/2008,2.48813
9/15/2008,2.49688
9/16/2008,2.7475
9/17/2008,3.03
9/18/2008,3.1875
9/19/2008,3.19
9/22/2008,3.17625
9/23/2008,3.20688
9/24/2008,3.42875
9/25/2008,3.70875
9/26/2008,3.70375
9/29/2008,3.72
9/30/2008,3.92625
10/1/2008,4.0025
10/2/2008,4.045
10/3/2008,4.11
10/6/2008,4.0925
10/7/2008,4.14
10/8/2008,4.29375
10/9/2008,4.5125
10/10/2008,4.5875
10/13/2008,4.56
10/14/2008,4.46875
10/15/2008,4.35875
10/16/2008,4.2775
10/17/2008,4.18125
10/20/2008,3.75125
10/21/2008,3.5275
10/22/2008,3.275
10/23/2008,3.25875
10/24/2008,3.24
10/27/2008,3.21875
10/28/2008,3.17125
10/29/2008,3.1175
10/30/2008,2.85
10/31/2008,2.58125
11/3/2008,2.3575
11/4/2008,2.1775
11/5/2008,1.95625
11/6/2008,1.7675
11/7/2008,1.6225
11/10/2008,1.53875
11/11/2008,1.4775
11/12/2008,1.40875
11/13/2008,1.4225
11/14/2008,1.4775
11/17/2008,1.47375
11/18/2008,1.4525
11/19/2008,1.41375
11/20/2008,1.39875
11/21/2008,1.395
11/24/2008,1.41125
11/25/2008,1.43625
11/26/2008,1.43125
11/27/2008,1.9
11/28/2008,1.90125
12/1/2008,1.91125
12/2/2008,1.89875
12/3/2008,1.89
12/4/2008,1.87625
12/5/2008,1.8675
12/8/2008,1.825
12/9/2008,1.635
12/10/2008,1.43875
12/11/2008,1.195
12/12/2008,1.04
12/15/2008,0.96125
12/16/2008,0.88375
12/17/2008,0.58125
12/18/2008,0.5075
12/19/2008,0.47375
12/22/2008,0.46125
12/23/2008,0.47125
12/24/2008,0.47125
12/25/2008,.
12/26/2008,.
12/29/2008,0.46125
12/30/2008,0.4475
12/31/2008,0.43625
1/1/2009,.
1/2/2009,0.43
1/5/2009,0.42875
1/6/2009,0.42063
1/7/2009,0.40625
1/8/2009,0.38625
1/9/2009,0.36625
1/12/2009,0.3425
1/13/2009,0.33313
1/14/2009,0.32875
1/15/2009,0.33375
1/16/2009,0.35938
1/19/2009,0.355
1/20/2009,0.3525
1/21/2009,0.35625
1/22/2009,0.38938
1/23/2009,0.40125
1/26/2009,0.40875
1/27/2009,0.41125
1/28/2009,0.40938
1/29/2009,0.4125
1/30/2009,0.41938
2/2/2009,0.4375
2/3/2009,0.445
2/4/2009,0.445
2/5/2009,0.4475
2/6/2009,0.44875
2/9/2009,0.44688
2/10/2009,0.44688
2/11/2009,0.4525
2/12/2009,0.455
2/13/2009,0.46125
2/16/2009,0.465
2/17/2009,0.46625
2/18/2009,0.47
2/19/2009,0.47313
2/20/2009,0.4725
2/23/2009,0.47375
2/24/2009,0.47688
2/25/2009,0.47875
2/26/2009,0.49688
2/27/2009,0.49625
3/2/2009,0.4975
3/3/2009,0.5075
3/4/2009,0.51813
3/5/2009,0.53313
3/6/2009,0.54625
3/9/2009,0.56438
3/10/2009,0.56438
3/11/2009,0.55688
3/12/2009,0.55625
3/13/2009,0.55563
3/16/2009,0.55563
3/17/2009,0.55625
3/18/2009,0.545
3/19/2009,0.52313
3/20/2009,0.52188
3/23/2009,0.52188
3/24/2009,0.52094
3/25/2009,0.52
3/26/2009,0.5225
3/27/2009,0.51813
3/30/2009,0.50875
3/31/2009,0.50063
4/1/2009,0.495
4/2/2009,0.48938
4/3/2009,0.47813
4/6/2009,0.47563
4/7/2009,0.46938
4/8/2009,0.46
4/9/2009,0.45125
4/10/2009,.
4/13/2009,.
4/14/2009,0.4525
4/15/2009,0.44813
4/16/2009,0.44688
4/17/2009,0.4475
4/20/2009,0.4425
4/21/2009,0.44125
4/22/2009,0.44
4/23/2009,0.4375
4/24/2009,0.435
4/27/2009,0.4325
4/28/2009,0.4275
4/29/2009,0.41813
4/30/2009,0.41125
5/1/2009,0.41438
5/4/2009,.
5/5/2009,0.40125
5/6/2009,0.395
5/7/2009,0.38188
5/8/2009,0.3675
5/11/2009,0.35375
5/12/2009,0.34875
5/13/2009,0.34438
5/14/2009,0.335
5/15/2009,0.32813
5/18/2009,0.31625
5/19/2009,0.30938
5/20/2009,0.30813
5/21/2009,0.30875
5/22/2009,0.31313
5/25/2009,.
5/26/2009,0.31625
5/27/2009,0.31875
5/28/2009,0.32
5/29/2009,0.31625
6/1/2009,0.32
6/2/2009,0.32
6/3/2009,0.31875
6/4/2009,0.3175
6/5/2009,0.32063
6/8/2009,0.32313
6/9/2009,0.32125
6/10/2009,0.32063
6/11/2009,0.31938
6/12/2009,0.31813
6/15/2009,0.31875
6/16/2009,0.31813
6/17/2009,0.31313
6/18/2009,0.315
6/19/2009,0.31688
6/22/2009,0.315
6/23/2009,0.31375
6/24/2009,0.31125
6/25/2009,0.3075
6/26/2009,0.31
6/29/2009,0.30875
6/30/2009,0.30875
7/1/2009,0.30625
7/2/2009,0.30438
7/3/2009,0.30125
7/6/2009,0.30188
7/7/2009,0.30188
7/8/2009,0.3
7/9/2009,0.29625
7/10/2009,0.2925
7/13/2009,0.28813
7/14/2009,0.2875
7/15/2009,0.2875
7/16/2009,0.28875
7/17/2009,0.28625
7/20/2009,0.28625
7/21/2009,0.285
7/22/2009,0.285
7/23/2009,0.285
7/24/2009,0.285
7/27/2009,0.2875
7/28/2009,0.285
7/29/2009,0.285
7/30/2009,0.28063
7/31/2009,0.27938
8/3/2009,0.27563
8/4/2009,0.27563
8/5/2009,0.27563
8/6/2009,0.27563
8/7/2009,0.27563
8/10/2009,0.275
8/11/2009,0.2745
8/12/2009,0.27406
8/13/2009,0.27281
8/14/2009,0.2725
8/17/2009,0.27875
8/18/2009,0.2725
8/19/2009,0.26875
8/20/2009,0.2675
8/21/2009,0.26563
8/24/2009,0.26438
8/25/2009,0.26281
8/26/2009,0.26063
8/27/2009,0.26125
8/28/2009,0.25875
8/31/2009,.
9/1/2009,0.25625
9/2/2009,0.25438
9/3/2009,0.25313
9/4/2009,0.25375
9/7/2009,0.25125
9/8/2009,0.24938
9/9/2009,0.24588
9/10/2009,0.24375
9/11/2009,0.24338
9/14/2009,0.24125
9/15/2009,0.2425
9/16/2009,0.24375
9/17/2009,0.24625
9/18/2009,0.24625
9/21/2009,0.24625
9/22/2009,0.24625
9/23/2009,0.24625
9/24/2009,0.24625
9/25/2009,0.24625
9/28/2009,0.24625
9/29/2009,0.24625
9/30/2009,0.24563
10/1/2009,0.24563
10/2/2009,0.24438
10/5/2009,0.24438
10/6/2009,0.24438
10/7/2009,0.24438
10/8/2009,0.24438
10/9/2009,0.245
10/12/2009,0.24438
10/13/2009,0.245
10/14/2009,0.245
10/15/2009,0.245
10/16/2009,0.245
10/19/2009,0.245
10/20/2009,0.245
10/21/2009,0.24375
10/22/2009,0.24375
10/23/2009,0.24375
10/26/2009,0.24375
10/27/2009,0.2435
10/28/2009,0.24288
10/29/2009,0.2435
10/30/2009,0.2435
11/2/2009,0.24125
11/3/2009,0.24156
11/4/2009,0.24156
11/5/2009,0.24156
11/6/2009,0.24156
11/9/2009,0.23906
11/10/2009,0.23875
11/11/2009,0.23875
11/12/2009,0.23875
11/13/2009,0.2375
11/16/2009,0.2375
11/17/2009,0.23688
11/18/2009,0.23656
11/19/2009,0.23656
11/20/2009,0.23594
11/23/2009,0.23594
11/24/2009,0.23594
11/25/2009,0.23406
11/26/2009,0.23406
11/27/2009,0.23531
11/30/2009,0.23531
12/1/2009,0.23469
12/2/2009,0.23438
12/3/2009,0.23469
12/4/2009,0.23469
12/7/2009,0.23469
12/8/2009,0.23469
12/9/2009,0.23406
12/10/2009,0.23406
12/11/2009,0.23313
12/14/2009,0.2325
12/15/2009,0.2325
12/16/2009,0.2325
12/17/2009,0.23313
12/18/2009,0.23188
12/21/2009,0.23188
12/22/2009,0.23188
12/23/2009,0.23125
12/24/2009,0.23125
12/25/2009,.
12/28/2009,.
12/29/2009,0.23094
12/30/2009,0.23094
12/31/2009,0.23094
1/1/2010,.
1/4/2010,0.23344
1/5/2010,0.23344
1/6/2010,0.23219
1/7/2010,0.23125
1/8/2010,0.23313
1/11/2010,0.23313
1/12/2010,0.23313
1/13/2010,0.23313
1/14/2010,0.23313
1/15/2010,0.23313
1/18/2010,0.23063
1/19/2010,0.23063
1/20/2010,0.23063
1/21/2010,0.23063
1/22/2010,0.23063
1/25/2010,0.23063
1/26/2010,0.23063
1/27/2010,0.23063
1/28/2010,0.22875
1/29/2010,0.22906
2/1/2010,0.22906
2/2/2010,0.23094
2/3/2010,0.22906
2/4/2010,0.22844
2/5/2010,0.22844
2/8/2010,0.22844
2/9/2010,0.22844
2/10/2010,0.22844
2/11/2010,0.23063
2/12/2010,0.23188
2/15/2010,0.22875
2/16/2010,0.22875
2/17/2010,0.22875
2/18/2010,0.22875
2/19/2010,0.22875
2/22/2010,0.22875
2/23/2010,0.22875
2/24/2010,0.22875
2/25/2010,0.22875
2/26/2010,0.22875
3/1/2010,0.22813
3/2/2010,0.22813
3/3/2010,0.22813
3/4/2010,0.22813
3/5/2010,0.22906
3/8/2010,0.23
3/9/2010,0.23
3/10/2010,0.23
3/11/2010,0.23
3/12/2010,0.23
3/15/2010,0.23031
3/16/2010,0.23563
3/17/2010,0.23744
3/18/2010,0.23975
3/19/2010,0.24506
3/22/2010,0.24719
3/23/2010,0.24606
3/24/2010,0.24619
3/25/2010,0.24694
3/26/2010,0.24688
3/29/2010,0.24788
3/30/2010,0.24863
3/31/2010,0.24863
4/1/2010,0.24863
4/2/2010,.
4/5/2010,.
4/6/2010,0.25075
4/7/2010,0.25138
4/8/2010,0.25013
4/9/2010,0.25288
4/12/2010,0.25298
4/13/2010,0.25438
4/14/2010,0.25594
4/15/2010,0.25625
4/16/2010,0.25563
4/19/2010,0.2575
4/20/2010,0.25875
4/21/2010,0.26063
4/22/2010,0.2625
4/23/2010,0.26438
4/26/2010,0.26469
4/27/2010,0.26672
4/28/2010,0.27313
4/29/2010,0.27766
4/30/2010,0.28
5/3/2010,.
5/4/2010,0.28469
5/5/2010,0.29094
5/6/2010,0.29706
5/7/2010,0.34875
5/10/2010,0.34
5/11/2010,0.3375
5/12/2010,0.33813
5/13/2010,0.33688
5/14/2010,0.33775
5/17/2010,0.33894
5/18/2010,0.33969
5/19/2010,0.34106
5/20/2010,0.34131
5/21/2010,0.34281
5/24/2010,0.34525
5/25/2010,0.354
5/26/2010,0.35406
5/27/2010,0.35375
5/28/2010,0.35125
5/31/2010,.
6/1/2010,0.35088
6/2/2010,0.35088
6/3/2010,0.35088
6/4/2010,0.35
6/7/2010,0.35
6/8/2010,0.35
6/9/2010,0.35031
6/10/2010,0.34969
6/11/2010,0.34969
6/14/2010,0.34969
6/15/2010,0.34969
6/16/2010,0.34844
6/17/2010,0.3475
6/18/2010,0.34734
6/21/2010,0.34719
6/22/2010,0.34719
6/23/2010,0.34719
6/24/2010,0.34719
6/25/2010,0.34719
6/28/2010,0.34719
6/29/2010,0.34563
6/30/2010,0.34844
7/1/2010,0.34719
7/2/2010,0.3475
7/5/2010,0.34625
7/6/2010,0.34625
7/7/2010,0.345
7/8/2010,0.3425
7/9/2010,0.34094
7/12/2010,0.34094
7/13/2010,0.34094
7/14/2010,0.34094
7/15/2010,0.34063
7/16/2010,0.33813
7/19/2010,0.33688
7/20/2010,0.3325
7/21/2010,0.33063
7/22/2010,0.32875
7/23/2010,0.32688
7/26/2010,0.325
7/27/2010,0.32063
7/28/2010,0.31563
7/29/2010,0.31156
7/30/2010,0.305
8/2/2010,0.30281
8/3/2010,0.3
8/4/2010,0.29531
8/5/2010,0.29469
8/6/2010,0.29344
8/9/2010,0.29
8/10/2010,0.28563
8/11/2010,0.27938
8/12/2010,0.27594
8/13/2010,0.27188
8/16/2010,0.26938
8/17/2010,0.26656
8/18/2010,0.26625
8/19/2010,0.26469
8/20/2010,0.26438
8/23/2010,0.26375
8/24/2010,0.26156
8/25/2010,0.26156
8/26/2010,0.26031
8/27/2010,0.25938
8/30/2010,.
8/31/2010,0.25781
9/1/2010,0.25781
9/2/2010,0.25781
9/3/2010,0.25781
9/6/2010,0.25766
9/7/2010,0.25766
9/8/2010,0.25734
9/9/2010,0.25734
9/10/2010,0.25734
9/13/2010,0.25734
9/14/2010,0.25734
9/15/2010,0.25734
9/16/2010,0.25734
9/17/2010,0.2575
9/20/2010,0.25625
9/21/2010,0.25625
9/22/2010,0.25625
9/23/2010,0.25625
9/24/2010,0.25625
9/27/2010,0.25625
9/28/2010,0.25625
9/29/2010,0.25625
9/30/2010,0.25625
10/1/2010,0.25688
10/4/2010,0.25688
10/5/2010,0.25688
10/6/2010,0.25688
10/7/2010,0.25625
10/8/2010,0.25625
10/11/2010,0.25625
10/12/2010,0.25625
10/13/2010,0.25625
10/14/2010,0.25625
10/15/2010,0.25625
10/18/2010,0.25625
10/19/2010,0.25625
10/20/2010,0.25625
10/21/2010,0.25625
10/22/2010,0.25625
10/25/2010,0.25625
10/26/2010,0.25531
10/27/2010,0.25531
10/28/2010,0.25406
10/29/2010,0.25375
11/1/2010,0.25375
11/2/2010,0.25375
11/3/2010,0.25375
11/4/2010,0.25344
11/5/2010,0.25344
11/8/2010,0.25344
11/9/2010,0.25344
11/10/2010,0.25344
11/11/2010,0.25344
11/12/2010,0.25344
11/15/2010,0.25344
11/16/2010,0.25344
11/17/2010,0.25344
11/18/2010,0.25344
11/19/2010,0.25344
11/22/2010,0.25344
11/23/2010,0.25344
11/24/2010,0.25344
11/25/2010,0.255
11/26/2010,0.25625
11/29/2010,0.2575
11/30/2010,0.26063
12/1/2010,0.26531
12/2/2010,0.26563
12/3/2010,0.265
12/6/2010,0.265
12/7/2010,0.26375
12/8/2010,0.2625
12/9/2010,0.26219
12/10/2010,0.26031
12/13/2010,0.26031
12/14/2010,0.26063
12/15/2010,0.26063
12/16/2010,0.26063
12/17/2010,0.26063
12/20/2010,0.26063
12/21/2010,0.26063
12/22/2010,0.26063
12/23/2010,0.26063
12/24/2010,0.26063
12/27/2010,.
12/28/2010,.
12/29/2010,0.26063
12/30/2010,0.26063
12/31/2010,0.26063
1/3/2011,.
1/4/2011,0.26063
1/5/2011,0.26125
1/6/2011,0.26125
1/7/2011,0.26125
1/10/2011,0.26125
1/11/2011,0.26125
1/12/2011,0.26125
1/13/2011,0.26125
1/14/2011,0.26125
1/17/2011,0.26125
1/18/2011,0.26063
1/19/2011,0.26
1/20/2011,0.26
1/21/2011,0.26
1/24/2011,0.26
1/25/2011,0.26
1/26/2011,0.26
1/27/2011,0.26
1/28/2011,0.26
1/31/2011,0.26
2/1/2011,0.263
2/2/2011,0.263
2/3/2011,0.263
2/4/2011,0.26275
2/7/2011,0.26375
2/8/2011,0.264
2/9/2011,0.264
2/10/2011,0.264
2/11/2011,0.26575
2/14/2011,0.26475
2/15/2011,0.264
2/16/2011,0.263
2/17/2011,0.263
2/18/2011,0.262
2/21/2011,0.262
2/22/2011,0.2615
2/23/2011,0.2615
2/24/2011,0.2615
2/25/2011,0.261
2/28/2011,0.261
3/1/2011,0.261
3/2/2011,0.26
3/3/2011,0.26
3/4/2011,0.26
3/7/2011,0.259
3/8/2011,0.258
3/9/2011,0.258
3/10/2011,0.2555
3/11/2011,0.255
3/14/2011,0.2535
3/15/2011,0.2535
3/16/2011,0.2535
3/17/2011,0.2535
3/18/2011,0.2535
3/21/2011,0.2525
3/22/2011,0.252
3/23/2011,0.2495
3/24/2011,0.24825
3/25/2011,0.24825
3/28/2011,0.24765
3/29/2011,0.24615
3/30/2011,0.2438
3/31/2011,0.24345
4/1/2011,0.24295
4/4/2011,0.2399
4/5/2011,0.2355
4/6/2011,0.2335
4/7/2011,0.23138
4/8/2011,0.2265
4/11/2011,0.2238
4/12/2011,0.2211
4/13/2011,0.21875
4/14/2011,0.21585
4/15/2011,0.21375
4/18/2011,0.21295
4/19/2011,0.2126
4/20/2011,0.2126
4/21/2011,0.2126
4/22/2011,.
4/25/2011,.
4/26/2011,0.21135
4/27/2011,0.2105
4/28/2011,0.21025
4/29/2011,.
5/2/2011,.
5/3/2011,0.2095
5/4/2011,0.209
5/5/2011,0.2062
5/6/2011,0.20385
5/9/2011,0.20185
5/10/2011,0.20025
5/11/2011,0.19875
5/12/2011,0.198
5/13/2011,0.1971
5/16/2011,0.197
5/17/2011,0.197
5/18/2011,0.19575
5/19/2011,0.19525
5/20/2011,0.19475
5/23/2011,0.194
5/24/2011,0.1927
5/25/2011,0.19235
5/26/2011,0.19125
5/27/2011,0.19103
5/30/2011,.
5/31/2011,0.19043
6/1/2011,0.19043
6/2/2011,0.19018
6/3/2011,0.1898
6/6/2011,0.18955
6/7/2011,0.18955
6/8/2011,0.18955
6/9/2011,0.18955
6/10/2011,0.18855
6/13/2011,0.18705
6/14/2011,0.18555
6/15/2011,0.1853
6/16/2011,0.1858
6/17/2011,0.1858
6/20/2011,0.1858
6/21/2011,0.1858
6/22/2011,0.1858
6/23/2011,0.1858
6/24/2011,0.18555
6/27/2011,0.18555
6/28/2011,0.18555
6/29/2011,0.18555
6/30/2011,0.18555
7/1/2011,0.18505
7/4/2011,0.18505
7/5/2011,0.18505
7/6/2011,0.18525
7/7/2011,0.18575
7/8/2011,0.18575
7/11/2011,0.18575
7/12/2011,0.1865
7/13/2011,0.1865
7/14/2011,0.1865
7/15/2011,0.1865
7/18/2011,0.18625
7/19/2011,0.18625
7/20/2011,0.18725
7/21/2011,0.18725
7/22/2011,0.18725
7/25/2011,0.18725
7/26/2011,0.18725
7/27/2011,0.18725
7/28/2011,0.18825
7/29/2011,0.1911
8/1/2011,0.19206
8/2/2011,0.20083
8/3/2011,0.20556
8/4/2011,0.20506
8/5/2011,0.2055
8/8/2011,0.20578
8/9/2011,0.208
8/10/2011,0.20711
8/11/2011,0.20722
8/12/2011,0.20833
8/15/2011,0.21022
8/16/2011,0.21022
8/17/2011,0.21244
8/18/2011,0.213
8/19/2011,0.21544
8/22/2011,0.21678
8/23/2011,0.21839
8/24/2011,0.21894
8/25/2011,0.22083
8/26/2011,0.22094
8/29/2011,.
8/30/2011,0.2215
8/31/2011,0.2215
9/1/2011,0.2215
9/2/2011,0.22178
9/5/2011,0.22439
9/6/2011,0.226
9/7/2011,0.22611
9/8/2011,0.225
9/9/2011,0.22611
9/12/2011,0.22861
9/13/2011,0.229
9/14/2011,0.22939
9/15/2011,0.22994
9/16/2011,0.2305
9/19/2011,0.23072
9/20/2011,0.23183
9/21/2011,0.2335
9/22/2011,0.23456
9/23/2011,0.23578
9/26/2011,0.23744
9/27/2011,0.23878
9/28/2011,0.23889
9/29/2011,0.23944
9/30/2011,0.23944
10/3/2011,0.24
10/4/2011,0.24111
10/5/2011,0.24067
10/6/2011,0.24233
10/7/2011,0.24289
10/10/2011,0.243
10/11/2011,0.24311
10/12/2011,0.24322
10/13/2011,0.24333
10/14/2011,0.24333
10/17/2011,0.24444
10/18/2011,0.24472
10/19/2011,0.24472
10/20/2011,0.24472
10/21/2011,0.24472
10/24/2011,0.24472
10/25/2011,0.24472
10/26/2011,0.24583
10/27/2011,0.24583
10/28/2011,0.24583
10/31/2011,0.24528
11/1/2011,0.24528
11/2/2011,0.24528
11/3/2011,0.2475
11/4/2011,0.2475
11/7/2011,0.24778
11/8/2011,0.24778
11/9/2011,0.24778
11/10/2011,0.24789
11/11/2011,0.249
11/14/2011,0.25022
11/15/2011,0.25172
11/16/2011,0.25172
11/17/2011,0.25478
11/18/2011,0.25656
11/21/2011,0.25667
11/22/2011,0.25722
11/23/2011,0.25722
11/24/2011,0.25722
11/25/2011,0.25944
11/28/2011,0.26
11/29/2011,0.27022
11/30/2011,0.27144
12/1/2011,0.27144
12/2/2011,0.27033
12/5/2011,0.2741
12/6/2011,0.27505
12/7/2011,0.2763
12/8/2011,0.2763
12/9/2011,0.27655
12/12/2011,0.27755
12/13/2011,0.2783
12/14/2011,0.28255
12/15/2011,0.2846
12/16/2011,0.28485
12/19/2011,0.28735
12/20/2011,0.2906
12/21/2011,0.29185
12/22/2011,0.2936
12/23/2011,0.29395
12/26/2011,.
12/27/2011,.
12/28/2011,0.2963
12/29/2011,0.2953
12/30/2011,0.2953
1/2/2012,.
1/3/2012,0.2953
1/4/2012,0.2953
1/5/2012,0.2953
1/6/2012,0.2963
1/9/2012,0.2963
1/10/2012,0.2958
1/11/2012,0.2947
1/12/2012,0.2896
1/13/2012,0.2851
1/16/2012,0.2816
1/17/2012,0.281
1/18/2012,0.2809
1/19/2012,0.2789
1/20/2012,0.2773
1/23/2012,0.2763
1/24/2012,0.2753
1/25/2012,0.2728
1/26/2012,0.2705
1/27/2012,0.27
1/30/2012,0.26775
1/31/2012,0.26475
2/1/2012,0.264
2/2/2012,0.2625
2/3/2012,0.2605
2/6/2012,0.25975
2/7/2012,0.257
2/8/2012,0.25475
2/9/2012,0.2535
2/10/2012,0.2505
2/13/2012,0.2485
2/14/2012,0.2475
2/15/2012,0.246
2/16/2012,0.2455
2/17/2012,0.2455
2/20/2012,0.2455
2/21/2012,0.2455
2/22/2012,0.2445
2/23/2012,0.244
2/24/2012,0.244
2/27/2012,0.244
2/28/2012,0.244
2/29/2012,0.2435
3/1/2012,0.243
3/2/2012,0.24275
3/5/2012,0.24275
3/6/2012,0.24275
3/7/2012,0.24275
3/8/2012,0.24175
3/9/2012,0.24175
3/12/2012,0.24175
3/13/2012,0.24175
3/14/2012,0.24175
3/15/2012,0.24175
3/16/2012,0.24175
3/19/2012,0.24175
3/20/2012,0.24175
3/21/2012,0.24175
3/22/2012,0.24175
3/23/2012,0.24125
3/26/2012,0.24125
3/27/2012,0.24125
3/28/2012,0.24125
3/29/2012,0.24125
3/30/2012,0.24125
4/2/2012,0.24125
4/3/2012,0.24125
4/4/2012,0.24125
4/5/2012,0.24125
4/6/2012,.
4/9/2012,.
4/10/2012,0.24025
4/11/2012,0.24025
4/12/2012,0.24025
4/13/2012,0.23975
4/16/2012,0.23975
4/17/2012,0.23975
4/18/2012,0.23975
4/19/2012,0.23975
4/20/2012,0.23975
4/23/2012,0.23875
4/24/2012,0.23875
4/25/2012,0.23875
4/26/2012,0.23875
4/27/2012,0.23875
4/30/2012,0.23875
5/1/2012,0.23875
5/2/2012,0.23875
5/3/2012,0.23875
5/4/2012,0.23875
5/7/2012,.
5/8/2012,0.23875
5/9/2012,0.23875
5/10/2012,0.23875
5/11/2012,0.23875
5/14/2012,0.23875
5/15/2012,0.23875
5/16/2012,0.23975
5/17/2012,0.23975
5/18/2012,0.23975
5/21/2012,0.23975
5/22/2012,0.23875
5/23/2012,0.23875
5/24/2012,0.23875
5/25/2012,0.23875
5/28/2012,0.23875
5/29/2012,0.23875
5/30/2012,0.23875
5/31/2012,0.23875
6/1/2012,0.23975
6/4/2012,.
6/5/2012,.
6/6/2012,0.24075
6/7/2012,0.24075
6/8/2012,0.24075
6/11/2012,0.24075
6/12/2012,0.24075
6/13/2012,0.24175
6/14/2012,0.24275
6/15/2012,0.24275
6/18/2012,0.24375
6/19/2012,0.24375
6/20/2012,0.24525
6/21/2012,0.24525
6/22/2012,0.24525
6/25/2012,0.24525
6/26/2012,0.24525
6/27/2012,0.24525
6/28/2012,0.24525
6/29/2012,0.24575
7/2/2012,0.24475
7/3/2012,0.24575
7/4/2012,0.24575
7/5/2012,0.24575
7/6/2012,0.24575
7/9/2012,0.24875
7/10/2012,0.24875
7/11/2012,0.24875
7/12/2012,0.24875
7/13/2012,0.24775
7/16/2012,0.24775
7/17/2012,0.24675
7/18/2012,0.24675
7/19/2012,0.24675
7/20/2012,0.24675
7/23/2012,0.2462
7/24/2012,0.2442
7/25/2012,0.2442
7/26/2012,0.2452
7/27/2012,0.2457
7/30/2012,0.2457
7/31/2012,0.2457
8/1/2012,0.2447
8/2/2012,0.24425
8/3/2012,0.24375
8/6/2012,0.24325
8/7/2012,0.24125
8/8/2012,0.24025
8/9/2012,0.23925
8/10/2012,0.23975
8/13/2012,0.2395
8/14/2012,0.2385
8/15/2012,0.238
8/16/2012,0.237
8/17/2012,0.237
8/20/2012,0.236
8/21/2012,0.2375
8/22/2012,0.2365
8/23/2012,0.2355
8/24/2012,0.2345
8/27/2012,.
8/28/2012,0.2335
8/29/2012,0.2315
8/30/2012,0.2305
8/31/2012,0.2305
9/3/2012,0.2305
9/4/2012,0.22825
9/5/2012,0.228
9/6/2012,0.2275
9/7/2012,0.228
9/10/2012,0.228
9/11/2012,0.22675
9/12/2012,0.22375
9/13/2012,0.22075
9/14/2012,0.22
9/17/2012,0.219
9/18/2012,0.2185
9/19/2012,0.2185
9/20/2012,0.2165
9/21/2012,0.2165
9/24/2012,0.2165
9/25/2012,0.2155
9/26/2012,0.2155
9/27/2012,0.2145
9/28/2012,0.21425
10/1/2012,0.2135
10/2/2012,0.2145
10/3/2012,0.2185
10/4/2012,0.2185
10/5/2012,0.2185
10/8/2012,0.2175
10/9/2012,0.2155
10/10/2012,0.214
10/11/2012,0.214
10/12/2012,0.214
10/15/2012,0.214
10/16/2012,0.2132
10/17/2012,0.2117
10/18/2012,0.2107
10/19/2012,0.2107
10/22/2012,0.2107
10/23/2012,0.2107
10/24/2012,0.2105
10/25/2012,0.211
10/26/2012,0.212
10/29/2012,0.212
10/30/2012,0.212
10/31/2012,0.212
11/1/2012,0.21
11/2/2012,0.209
11/5/2012,0.208
11/6/2012,0.209
11/7/2012,0.209
11/8/2012,0.209
11/9/2012,0.209
11/12/2012,0.2085
11/13/2012,0.208
11/14/2012,0.2075
11/15/2012,0.2075
11/16/2012,0.2075
11/19/2012,0.2075
11/20/2012,0.2075
11/21/2012,0.2075
11/22/2012,0.2075
11/23/2012,0.2085
11/26/2012,0.209
11/27/2012,0.209
11/28/2012,0.209
11/29/2012,0.2135
11/30/2012,0.2145
12/3/2012,0.215
12/4/2012,0.213
12/5/2012,0.213
12/6/2012,0.213
12/7/2012,0.212
12/10/2012,0.212
12/11/2012,0.211
12/12/2012,0.209
12/13/2012,0.209
12/14/2012,0.209
12/17/2012,0.21
12/18/2012,0.2107
12/19/2012,0.2107
12/20/2012,0.2107
12/21/2012,0.2097
12/24/2012,0.2097
12/25/2012,.
12/26/2012,.
12/27/2012,0.2117
12/28/2012,0.2097
12/31/2012,0.2087
1/1/2013,.
1/2/2013,0.2077
1/3/2013,0.2077
1/4/2013,0.2077
1/7/2013,0.2077
1/8/2013,0.2077
1/9/2013,0.2067
1/10/2013,0.2057
1/11/2013,0.2057
1/14/2013,0.2057
1/15/2013,0.2057
1/16/2013,0.2057
1/17/2013,0.2047
1/18/2013,0.2047
1/21/2013,0.2047
1/22/2013,0.2047
1/23/2013,0.2037
1/24/2013,0.2037
1/25/2013,0.2037
1/28/2013,0.2027
1/29/2013,0.2017
1/30/2013,0.2017
1/31/2013,0.1997
2/1/2013,0.1992
2/4/2013,0.1982
2/5/2013,0.1992
2/6/2013,0.1992
2/7/2013,0.1992
2/8/2013,0.2002
2/11/2013,0.2022
2/12/2013,0.2012
2/13/2013,0.2012
2/14/2013,0.2017
2/15/2013,0.2022
2/18/2013,0.2007
2/19/2013,0.2017
2/20/2013,0.2017
2/21/2013,0.2017
2/22/2013,0.2027
2/25/2013,0.2027
2/26/2013,0.2037
2/27/2013,0.2037
2/28/2013,0.2037
3/1/2013,0.2037
3/4/2013,0.2052
3/5/2013,0.2032
3/6/2013,0.2022
3/7/2013,0.2022
3/8/2013,0.2022
3/11/2013,0.2022
3/12/2013,0.2032
3/13/2013,0.2032
3/14/2013,0.2032
3/15/2013,0.2032
3/18/2013,0.2032
3/19/2013,0.2037
3/20/2013,0.2047
3/21/2013,0.2042
3/22/2013,0.2042
3/25/2013,0.2042
3/26/2013,0.2037
3/27/2013,0.2037
3/28/2013,0.2037
3/29/2013,.
4/1/2013,.
4/2/2013,0.2027
4/3/2013,0.2017
4/4/2013,0.2003
4/5/2013,0.2003
4/8/2013,0.2003
4/9/2013,0.1993
4/10/2013,0.1993
4/11/2013,0.1987
4/12/2013,0.1997
4/15/2013,0.1997
4/16/2013,0.2002
4/17/2013,0.1992
4/18/2013,0.1992
4/19/2013,0.1992
4/22/2013,0.1992
4/23/2013,0.2002
4/24/2013,0.1982
4/25/2013,0.1982
4/26/2013,0.1982
4/29/2013,0.1982
4/30/2013,0.1982
5/1/2013,0.1982
5/2/2013,0.1982
5/3/2013,0.1982
5/6/2013,.
5/7/2013,0.1992
5/8/2013,0.1992
5/9/2013,0.1992
5/10/2013,0.1992
5/13/2013,0.1992
5/14/2013,0.1982
5/15/2013,0.1982
5/16/2013,0.1982
5/17/2013,0.19678
5/20/2013,0.19618
5/21/2013,0.19628
5/22/2013,0.19528
5/23/2013,0.19328
5/24/2013,0.19328
5/27/2013,.
5/28/2013,0.19278
5/29/2013,0.19378
5/30/2013,0.19378
5/31/2013,0.19428
6/3/2013,0.19398
6/4/2013,0.19328
6/5/2013,0.19328
6/6/2013,0.19288
6/7/2013,0.19238
6/10/2013,0.1925
6/11/2013,0.1925
6/12/2013,0.1925
6/13/2013,0.1925
6/14/2013,0.1925
6/17/2013,0.1916
6/18/2013,0.1916
6/19/2013,0.1916
6/20/2013,0.193
6/21/2013,0.193
6/24/2013,0.19535
6/25/2013,0.19435
6/26/2013,0.19535
6/27/2013,0.19505
6/28/2013,0.19465
7/1/2013,0.1958
7/2/2013,0.19528
7/3/2013,0.19478
7/4/2013,0.19478
7/5/2013,0.19478
7/8/2013,0.19278
7/9/2013,0.19276
7/10/2013,0.19213
7/11/2013,0.19103
7/12/2013,0.19193
7/15/2013,0.19193
7/16/2013,0.19053
7/17/2013,0.19153
7/18/2013,0.19153
7/19/2013,0.19103
7/22/2013,0.19053
7/23/2013,0.19003
7/24/2013,0.18933
7/25/2013,0.18643
7/26/2013,0.18643
7/29/2013,0.18643
7/30/2013,0.18723
7/31/2013,0.18673
8/1/2013,0.18593
8/2/2013,0.18593
8/5/2013,0.18603
8/6/2013,0.18503
8/7/2013,0.18503
8/8/2013,0.18503
8/9/2013,0.18456
8/12/2013,0.18456
8/13/2013,0.18406
8/14/2013,0.18406
8/15/2013,0.18406
8/16/2013,0.18406
8/19/2013,0.18356
8/20/2013,0.18286
8/21/2013,0.18336
8/22/2013,0.18406
8/23/2013,0.18406
8/26/2013,.
8/27/2013,0.18256
8/28/2013,0.18206
8/29/2013,0.18256
8/30/2013,0.18206
9/2/2013,0.18256
9/3/2013,0.18206
9/4/2013,0.1817
9/5/2013,0.1819
9/6/2013,0.1819
9/9/2013,0.1819
9/10/2013,0.1814
9/11/2013,0.1824
9/12/2013,0.1823
9/13/2013,0.1802
9/16/2013,0.17925
9/17/2013,0.1805
9/18/2013,0.18
9/19/2013,0.17925
9/20/2013,0.1795
9/23/2013,0.17885
9/24/2013,0.1798
9/25/2013,0.17905
9/26/2013,0.17905
9/27/2013,0.17965
9/30/2013,0.17885
10/1/2013,0.178
10/2/2013,0.17575
10/3/2013,0.1743
10/4/2013,0.1733
10/7/2013,0.1738
10/8/2013,0.174
10/9/2013,0.17725
10/10/2013,0.174
10/11/2013,0.174
10/14/2013,0.1755
10/15/2013,0.17375
10/16/2013,0.1755
10/17/2013,0.1725
10/18/2013,0.172
10/21/2013,0.17
10/22/2013,0.17
10/23/2013,0.1702
10/24/2013,0.171
10/25/2013,0.1686
10/28/2013,0.1681
10/29/2013,0.168
10/30/2013,0.168
10/31/2013,0.168
11/1/2013,0.1685
11/4/2013,0.1685
11/5/2013,0.1685
11/6/2013,0.1685
11/7/2013,0.1675
11/8/2013,0.1685
11/11/2013,0.1685
11/12/2013,0.1685
11/13/2013,0.1677
11/14/2013,0.1675
11/15/2013,0.1675
11/18/2013,0.168
11/19/2013,0.167
11/20/2013,0.1665
11/21/2013,0.166
11/22/2013,0.1655
11/25/2013,0.164
11/26/2013,0.164
11/27/2013,0.165
11/28/2013,0.16875
11/29/2013,0.16825
12/2/2013,0.16825
12/3/2013,0.1675
12/4/2013,0.1685
12/5/2013,0.16785
12/6/2013,0.1695
12/9/2013,0.1706
12/10/2013,0.16935
12/11/2013,0.16735
12/12/2013,0.1666
12/13/2013,0.164
12/16/2013,0.165
12/17/2013,0.1663
12/18/2013,0.1668
12/19/2013,0.1645
12/20/2013,0.164
12/23/2013,0.1646
12/24/2013,0.167
12/25/2013,.
12/26/2013,.
12/27/2013,0.169
12/30/2013,0.1702
12/31/2013,0.1677
1/1/2014,.
1/2/2014,0.1683
1/3/2014,0.1647
1/6/2014,0.1625
1/7/2014,0.1615
1/8/2014,0.161
1/9/2014,0.1603
1/10/2014,0.1604
1/13/2014,0.16
1/14/2014,0.159
1/15/2014,0.1587
1/16/2014,0.157
1/17/2014,0.157
1/20/2014,0.157
1/21/2014,0.157
1/22/2014,0.158
1/23/2014,0.158
1/24/2014,0.1612
1/27/2014,0.1585
1/28/2014,0.159
1/29/2014,0.1595
1/30/2014,0.1585
1/31/2014,0.1565
2/3/2014,0.1571
2/4/2014,0.1575
2/5/2014,0.1575
2/6/2014,0.1565
2/7/2014,0.1555
2/10/2014,0.15475
2/11/2014,0.15425
2/12/2014,0.1535
2/13/2014,0.1545
2/14/2014,0.1545
2/17/2014,0.1535
2/18/2014,0.154
2/19/2014,0.1545
2/20/2014,0.1555
2/21/2014,0.1555
2/24/2014,0.1545
2/25/2014,0.1545
2/26/2014,0.1545
2/27/2014,0.1545
2/28/2014,0.1555
3/3/2014,0.1553
3/4/2014,0.1565
3/5/2014,0.1556
3/6/2014,0.1544
3/7/2014,0.1565
3/10/2014,0.155
3/11/2014,0.1558
3/12/2014,0.1555
3/13/2014,0.155
3/14/2014,0.15645
3/17/2014,0.1562
3/18/2014,0.15675
3/19/2014,0.15755
3/20/2014,0.1545
3/21/2014,0.15425
3/24/2014,0.15425
3/25/2014,0.15375
3/26/2014,0.153
3/27/2014,0.1525
3/28/2014,0.15175
3/31/2014,0.152
4/1/2014,0.151
4/2/2014,0.152
4/3/2014,0.1525
4/4/2014,0.1525
4/7/2014,0.152
4/8/2014,0.1504
4/9/2014,0.1509
4/10/2014,0.1525
4/11/2014,0.1522
4/14/2014,0.1517
4/15/2014,0.1514
4/16/2014,0.152
4/17/2014,0.1522
4/18/2014,.
4/21/2014,.
4/22/2014,0.1523
4/23/2014,0.1523
4/24/2014,0.1518
4/25/2014,0.152
4/28/2014,0.1503
4/29/2014,0.1515
4/30/2014,0.1505
5/1/2014,0.1505
5/2/2014,0.1515
5/5/2014,.
5/6/2014,0.1505
5/7/2014,0.1515
5/8/2014,0.15025
5/9/2014,0.1516
5/12/2014,0.1511
5/13/2014,0.1511
5/14/2014,0.1511
5/15/2014,0.151
5/16/2014,0.14925
5/19/2014,0.1485
5/20/2014,0.14775
5/21/2014,0.1485
5/22/2014,0.15
5/23/2014,0.1505
5/26/2014,.
5/27/2014,0.1505
5/28/2014,0.15
5/29/2014,0.151
5/30/2014,0.151
6/2/2014,0.151
6/3/2014,0.1509
6/4/2014,0.152
6/5/2014,0.151
6/6/2014,0.1535
6/9/2014,0.15225
6/10/2014,0.152
6/11/2014,0.15125
6/12/2014,0.15175
6/13/2014,0.15425
6/16/2014,0.154
6/17/2014,0.155
6/18/2014,0.153
6/19/2014,0.15325
6/20/2014,0.154
6/23/2014,0.152
6/24/2014,0.1515
6/25/2014,0.151
6/26/2014,0.1495
6/27/2014,0.1515
6/30/2014,0.1552
7/1/2014,0.1552
7/2/2014,0.1555
7/3/2014,0.1555
7/4/2014,0.1534
7/7/2014,0.1534
7/8/2014,0.1525
7/9/2014,0.15275
7/10/2014,0.1515
7/11/2014,0.152
7/14/2014,0.152
7/15/2014,0.1542
7/16/2014,0.15545
7/17/2014,0.1562
7/18/2014,0.15425
7/21/2014,0.15475
7/22/2014,0.15525
7/23/2014,0.155
7/24/2014,0.15425
7/25/2014,0.156
7/28/2014,0.155
7/29/2014,0.155
7/30/2014,0.1558
7/31/2014,0.156
8/1/2014,0.156
8/4/2014,0.1569
8/5/2014,0.1585
8/6/2014,0.1588
8/7/2014,0.157
8/8/2014,0.156
8/11/2014,0.1555
8/12/2014,0.156
8/13/2014,0.155
8/14/2014,0.155
8/15/2014,0.1555
8/18/2014,0.1555
8/19/2014,0.1555
8/20/2014,0.155
8/21/2014,0.155
8/22/2014,0.155
8/25/2014,.
8/26/2014,0.156
8/27/2014,0.1567
8/28/2014,0.1545
8/29/2014,0.157
9/1/2014,0.1565
9/2/2014,0.1565
9/3/2014,0.1561
9/4/2014,0.1561
9/5/2014,0.1528
9/8/2014,0.1535
9/9/2014,0.1535
9/10/2014,0.1535
9/11/2014,0.1536
9/12/2014,0.1536
9/15/2014,0.1536
9/16/2014,0.1535
9/17/2014,0.153
9/18/2014,0.1535
9/19/2014,0.154
9/22/2014,0.1545
9/23/2014,0.1545
9/24/2014,0.1535
9/25/2014,0.1515
9/26/2014,0.154
9/29/2014,0.1525
9/30/2014,0.1565
10/1/2014,0.152
10/2/2014,0.152
10/3/2014,0.153
10/6/2014,0.153
10/7/2014,0.1525
10/8/2014,0.1518
10/9/2014,0.1527
10/10/2014,0.1528
10/13/2014,0.1533
10/14/2014,0.1518
10/15/2014,0.1535
10/16/2014,0.157
10/17/2014,0.1572
10/20/2014,0.1557
10/21/2014,0.153
10/22/2014,0.153
10/23/2014,0.152
10/24/2014,0.152
10/27/2014,0.1525
10/28/2014,0.1535
10/29/2014,0.154
10/30/2014,0.1567
10/31/2014,0.1559
11/3/2014,0.1555
11/4/2014,0.1555
11/5/2014,0.1555
11/6/2014,0.1555
11/7/2014,0.1573
11/10/2014,0.1543
11/11/2014,0.1533
11/12/2014,0.1528
11/13/2014,0.1547
11/14/2014,0.153
11/17/2014,0.154
11/18/2014,0.155
11/19/2014,0.155
11/20/2014,0.155
11/21/2014,0.15525
11/24/2014,0.1535
11/25/2014,0.15625
11/26/2014,0.15575
11/27/2014,0.155
11/28/2014,0.154
12/1/2014,0.15775
12/2/2014,0.15825
12/3/2014,0.157
12/4/2014,0.1572
12/5/2014,0.158
12/8/2014,0.1617
12/9/2014,0.1585
12/10/2014,0.1608
12/11/2014,0.1608
12/12/2014,0.161
12/15/2014,0.162
12/16/2014,0.162
12/17/2014,0.1641
12/18/2014,0.16545
12/19/2014,0.16425
12/22/2014,0.167
12/23/2014,0.1695
12/24/2014,0.16875
12/25/2014,.
12/26/2014,.
12/29/2014,0.16925
12/30/2014,0.1695
12/31/2014,0.17125
1/1/2015,.
1/2/2015,0.1675
1/5/2015,0.168
1/6/2015,0.16775
1/7/2015,0.1665
1/8/2015,0.16625
1/9/2015,0.16675
1/12/2015,0.1665
1/13/2015,0.1665
1/14/2015,0.16825
1/15/2015,0.168
1/16/2015,0.168
1/19/2015,0.16875
1/20/2015,0.1685
1/21/2015,0.16675
1/22/2015,0.16825
1/23/2015,0.16775
1/26/2015,0.169
1/27/2015,0.168
1/28/2015,0.1705
1/29/2015,0.1709
1/30/2015,0.17125
2/2/2015,0.1695
2/3/2015,0.171
2/4/2015,0.1735
2/5/2015,0.171
2/6/2015,0.1715
2/9/2015,0.1722
2/10/2015,0.1717
2/11/2015,0.1717
2/12/2015,0.172
2/13/2015,0.173
2/16/2015,0.173
2/17/2015,0.1735
2/18/2015,0.1735
2/19/2015,0.1735
2/20/2015,0.1715
2/23/2015,0.171
2/24/2015,0.1715
2/25/2015,0.172
2/26/2015,0.1719
2/27/2015,0.173
3/2/2015,0.1727
3/3/2015,0.173
3/4/2015,0.175
3/5/2015,0.175
3/6/2015,0.175
3/9/2015,0.1765
3/10/2015,0.1779
3/11/2015,0.176
3/12/2015,0.1745
3/13/2015,0.1765
3/16/2015,0.177
3/17/2015,0.1775
3/18/2015,0.176
3/19/2015,0.17325
3/20/2015,0.174
3/23/2015,0.17375
3/24/2015,0.17275
3/25/2015,0.1756
3/26/2015,0.17775
3/27/2015,0.178
3/30/2015,0.17925
3/31/2015,0.17625
4/1/2015,0.17755
4/2/2015,0.17975
4/3/2015,.
4/6/2015,.
4/7/2015,0.18015
4/8/2015,0.18095
4/9/2015,0.18
4/10/2015,0.1785
4/13/2015,0.1815
4/14/2015,0.1825
4/15/2015,0.1804
4/16/2015,0.18055
4/17/2015,0.18025
4/20/2015,0.1805
4/21/2015,0.1815
4/22/2015,0.18175
4/23/2015,0.18125
4/24/2015,0.1815
4/27/2015,0.18125
4/28/2015,0.18425
4/29/2015,0.18025
4/30/2015,0.181
5/1/2015,0.18225
5/4/2015,.
5/5/2015,0.1805
5/6/2015,0.18025
5/7/2015,0.1815
5/8/2015,0.18475
5/11/2015,0.1856
5/12/2015,0.1856
5/13/2015,0.1856
5/14/2015,0.18335
5/15/2015,0.1862
5/18/2015,0.184
5/19/2015,0.18675
5/20/2015,0.18475
5/21/2015,0.18475
5/22/2015,0.18485
5/25/2015,.
5/26/2015,0.1863
5/27/2015,0.18535
5/28/2015,0.184
5/29/2015,0.184
6/1/2015,0.183
6/2/2015,0.1848
6/3/2015,0.185
6/4/2015,0.18405
6/5/2015,0.183
6/8/2015,0.1854
6/9/2015,0.1875
6/10/2015,0.18875
6/11/2015,0.1855
6/12/2015,0.18475
6/15/2015,0.18525
6/16/2015,0.185
6/17/2015,0.1875
6/18/2015,0.18675
6/19/2015,0.187
6/22/2015,0.187
6/23/2015,0.187
6/24/2015,0.1865
6/25/2015,0.186
6/26/2015,0.1866
6/29/2015,0.1866
6/30/2015,0.1865
7/1/2015,0.185
7/2/2015,0.18815
7/3/2015,0.1884
7/6/2015,0.1865
7/7/2015,0.1895
7/8/2015,0.1885
7/9/2015,0.1867
7/10/2015,0.186
7/13/2015,0.1873
7/14/2015,0.187
7/15/2015,0.186
7/16/2015,0.188
7/17/2015,0.1905
7/20/2015,0.189
7/21/2015,0.185
7/22/2015,0.187
7/23/2015,0.1905
7/24/2015,0.189
7/27/2015,0.189
7/28/2015,0.1908
7/29/2015,0.18955
7/30/2015,0.1885
7/31/2015,0.19175
8/3/2015,0.1905
8/4/2015,0.19075
8/5/2015,0.1935
8/6/2015,0.1915
8/7/2015,0.19125
8/10/2015,0.19255
8/11/2015,0.19345
8/12/2015,0.194
8/13/2015,0.1976
8/14/2015,0.1996
8/17/2015,0.2046
8/18/2015,0.20275
8/19/2015,0.202
8/20/2015,0.2004
8/21/2015,0.1994
8/24/2015,0.1994
8/25/2015,0.19775
8/26/2015,0.198
8/27/2015,0.197
8/28/2015,0.19855
8/31/2015,.
9/1/2015,0.2012
9/2/2015,0.2028
9/3/2015,0.2043
9/4/2015,0.19925
9/7/2015,0.2027
9/8/2015,0.203
9/9/2015,0.204
9/10/2015,0.20635
9/11/2015,0.20655
9/14/2015,0.209
9/15/2015,0.20725
9/16/2015,0.2128
9/17/2015,0.216
9/18/2015,0.1958
9/21/2015,0.195
9/22/2015,0.1956
9/23/2015,0.1939
9/24/2015,0.1943
9/25/2015,0.1943
9/28/2015,0.1936
9/29/2015,0.193
9/30/2015,0.193
10/1/2015,0.194
10/2/2015,0.1947
10/5/2015,0.19375
10/6/2015,0.1941
10/7/2015,0.19605
10/8/2015,0.19545
10/9/2015,0.19685
10/12/2015,0.19325
10/13/2015,0.19575
10/14/2015,0.199
10/15/2015,0.19675
10/16/2015,0.19425
10/19/2015,0.196
10/20/2015,0.1965
10/21/2015,0.1948
10/22/2015,0.19695
10/23/2015,0.1935
10/26/2015,0.19355
10/27/2015,0.19075
10/28/2015,0.1883
10/29/2015,0.193
10/30/2015,0.192
11/2/2015,0.19
11/3/2015,0.1922
11/4/2015,0.1932
11/5/2015,0.19475
11/6/2015,0.1945
11/9/2015,0.197
11/10/2015,0.1955
11/11/2015,0.19575
11/12/2015,0.197
11/13/2015,0.19725
11/16/2015,0.19925
11/17/2015,0.2025
11/18/2015,0.20675
11/19/2015,0.21325
11/20/2015,0.2115
11/23/2015,0.221
11/24/2015,0.225
11/25/2015,0.2315
11/26/2015,0.23275
11/27/2015,0.24375
11/30/2015,0.243
12/1/2015,0.24375
12/2/2015,0.251
12/3/2015,0.2686
12/4/2015,0.2755
12/7/2015,0.287
12/8/2015,0.2931
12/9/2015,0.3005
12/10/2015,0.317
12/11/2015,0.3305
12/14/2015,0.3445
12/15/2015,0.3505
12/16/2015,0.36
12/17/2015,0.4021
12/18/2015,0.413
12/21/2015,0.4195
12/22/2015,0.4175
12/23/2015,0.4216
12/24/2015,0.4219
12/25/2015,.
12/28/2015,.
12/29/2015,0.4239
12/30/2015,0.4275
12/31/2015,0.4295
1/1/2016,.
1/4/2016,0.4225
1/5/2016,0.422
1/6/2016,0.4235
1/7/2016,0.4235
1/8/2016,0.4238
1/11/2016,0.424
1/12/2016,0.4245
1/13/2016,0.4255
1/14/2016,0.4255
1/15/2016,0.4255
1/18/2016,0.426
1/19/2016,0.425
1/20/2016,0.4253
1/21/2016,0.4265
1/22/2016,0.4255
1/25/2016,0.4306
1/26/2016,0.4306
1/27/2016,0.428
1/28/2016,0.4262
1/29/2016,0.425
2/1/2016,0.427
2/2/2016,0.4285
2/3/2016,0.4285
2/4/2016,0.4277
2/5/2016,0.4289
2/8/2016,0.42925
2/9/2016,0.4285
2/10/2016,0.4265
2/11/2016,0.427
2/12/2016,0.4305
2/15/2016,0.42925
2/16/2016,0.4295
2/17/2016,0.43005
2/18/2016,0.432
2/19/2016,0.4335
2/22/2016,0.4335
2/23/2016,0.4358
2/24/2016,0.4338
2/25/2016,0.4385
2/26/2016,0.4385
2/29/2016,0.4405
3/1/2016,0.43525
3/2/2016,0.4376
3/3/2016,0.4405
3/4/2016,0.438
3/7/2016,0.4405
3/8/2016,0.44185
3/9/2016,0.438
3/10/2016,0.4381
3/11/2016,0.4362
3/14/2016,0.4413
3/15/2016,0.44125
3/16/2016,0.4399
3/17/2016,0.4321
3/18/2016,0.4283
3/21/2016,0.4318
3/22/2016,0.4315
3/23/2016,0.433
3/24/2016,0.435
3/25/2016,.
3/28/2016,.
3/29/2016,0.4329
3/30/2016,0.434
3/31/2016,0.43725
4/1/2016,0.43735
4/4/2016,0.4402
4/5/2016,0.4385
4/6/2016,0.439
4/7/2016,0.43645
4/8/2016,0.4347
4/11/2016,0.4359
4/12/2016,0.43715
4/13/2016,0.43275
4/14/2016,0.43625
4/15/2016,0.43625
4/18/2016,0.43875
4/19/2016,0.44115
4/20/2016,0.44125
4/21/2016,0.43885
4/22/2016,0.43645
4/25/2016,0.43695
4/26/2016,0.4377
4/27/2016,0.4352
4/28/2016,0.4388
4/29/2016,0.43575
5/2/2016,.
5/3/2016,0.4359
5/4/2016,0.4359
5/5/2016,0.43715
5/6/2016,.
5/9/2016,0.43865
5/10/2016,0.4373
5/11/2016,0.43465
5/12/2016,0.43445
5/13/2016,0.43395
5/16/2016,0.4362
5/17/2016,0.4387
5/18/2016,0.43845
5/19/2016,0.443
5/20/2016,0.44325
5/23/2016,0.446
5/24/2016,0.4442
5/25/2016,0.4497
5/26/2016,0.45445
5/27/2016,0.45665
5/30/2016,.
5/31/2016,0.46885
6/1/2016,0.46955
6/2/2016,0.46305
6/3/2016,0.4648
6/6/2016,0.44705
6/7/2016,0.4458
6/8/2016,0.4453
6/9/2016,0.44705
6/10/2016,0.44655
6/13/2016,0.44205
6/14/2016,0.4423
6/15/2016,0.44605
6/16/2016,0.44805
6/17/2016,0.4478
6/20/2016,0.44805
6/21/2016,0.4508
6/22/2016,0.45205
6/23/2016,0.4533
6/24/2016,0.4493
6/27/2016,0.4588
6/28/2016,0.4603
6/29/2016,0.46655
6/30/2016,0.46505
7/1/2016,0.46755
7/4/2016,0.46955
7/5/2016,0.4703
7/6/2016,0.47255
7/7/2016,0.4743
7/8/2016,0.4758
7/11/2016,0.47785
7/12/2016,0.47935
7/13/2016,0.48135
7/14/2016,0.4821
7/15/2016,0.4833
7/18/2016,0.48655
7/19/2016,0.4853
7/20/2016,0.4874
7/21/2016,0.4879
7/22/2016,0.4904
7/25/2016,0.4909
7/26/2016,0.49265
7/27/2016,0.49565
7/28/2016,0.4939
7/29/2016,0.4959
8/1/2016,0.4939
8/2/2016,0.4939
8/3/2016,0.4969
8/4/2016,0.4984
8/5/2016,0.5039
8/8/2016,0.5119
8/9/2016,0.51315
8/10/2016,0.51765
8/11/2016,0.50765
8/12/2016,0.50665
8/15/2016,0.50744
8/16/2016,0.50744
8/17/2016,0.51411
8/18/2016,0.51244
8/19/2016,0.52106
8/22/2016,0.52217
8/23/2016,0.52439
8/24/2016,0.51994
8/25/2016,0.52383
8/26/2016,0.52439
8/29/2016,.
8/30/2016,0.52322
8/31/2016,0.52489
9/1/2016,0.52294
9/2/2016,0.52572
9/5/2016,0.51933
9/6/2016,0.51656
9/7/2016,0.51322
9/8/2016,0.51822
9/9/2016,0.52689
9/12/2016,0.52772
9/13/2016,0.52428
9/14/2016,0.52956
9/15/2016,0.53094
9/16/2016,0.53178
9/19/2016,0.53617
9/20/2016,0.54306
9/21/2016,0.54633
9/22/2016,0.52528
9/23/2016,0.52222
9/26/2016,0.52444
9/27/2016,0.52667
9/28/2016,0.52438
9/29/2016,0.52722
9/30/2016,0.53111
10/3/2016,0.52833
10/4/2016,0.52722
10/5/2016,0.52567
10/6/2016,0.52956
10/7/2016,0.529
10/10/2016,0.52956
10/11/2016,0.53067
10/12/2016,0.53456
10/13/2016,0.53456
10/14/2016,0.53567
10/17/2016,0.52789
10/18/2016,0.52567
10/19/2016,0.52456
10/20/2016,0.524
10/21/2016,0.534
10/24/2016,0.534
10/25/2016,0.53589
10/26/2016,0.53478
10/27/2016,0.53433
10/28/2016,0.53267
10/31/2016,0.53378
11/1/2016,0.53044
11/2/2016,0.532
11/3/2016,0.53256
11/4/2016,0.53533
11/7/2016,0.53533
11/8/2016,0.537
11/9/2016,0.53644
11/10/2016,0.53817
11/11/2016,0.53817
11/14/2016,0.54206
11/15/2016,0.55011
11/16/2016,0.55456
11/17/2016,0.56178
11/18/2016,0.566
11/21/2016,0.56778
11/22/2016,0.58422
11/23/2016,0.592
11/24/2016,0.60256
11/25/2016,0.60589
11/28/2016,0.60561
11/29/2016,0.61672
11/30/2016,0.62367
12/1/2016,0.6345
12/2/2016,0.64667
12/5/2016,0.65194
12/6/2016,0.64889
12/7/2016,0.65417
12/8/2016,0.66389
12/9/2016,0.68
12/12/2016,0.69472
12/13/2016,0.70389
12/14/2016,0.70728
12/15/2016,0.73622
12/16/2016,0.739
12/19/2016,0.744
12/20/2016,0.749
12/21/2016,0.755
12/22/2016,0.75611
12/23/2016,0.76111
12/26/2016,.
12/27/2016,.
12/28/2016,0.77
12/29/2016,0.77111
12/30/2016,0.77167
1/2/2017,.
1/3/2017,0.77333
1/4/2017,0.76556
1/5/2017,0.76556
1/6/2017,0.76333
1/9/2017,0.76333
1/10/2017,0.765
1/11/2017,0.76722
1/12/2017,0.76722
1/13/2017,0.76833
1/16/2017,0.76778
1/17/2017,0.76944
1/18/2017,0.77667
1/19/2017,0.77639
1/20/2017,0.77528
1/23/2017,0.77111
1/24/2017,0.77333
1/25/2017,0.77611
1/26/2017,0.77611
1/27/2017,0.77833
1/30/2017,0.78
1/31/2017,0.77944
2/1/2017,0.78
2/2/2017,0.77667
2/3/2017,0.77556
2/6/2017,0.77528
2/7/2017,0.77278
2/8/2017,0.77167
2/9/2017,0.77056
2/10/2017,0.77111
2/13/2017,0.77
2/14/2017,0.77
2/15/2017,0.77222
2/16/2017,0.78056
2/17/2017,0.77944
2/20/2017,0.77722
2/21/2017,0.77944
2/22/2017,0.77944
2/23/2017,0.77833
2/24/2017,0.78056
2/27/2017,0.78444
2/28/2017,0.78889
3/1/2017,0.81056
