1/4/07,55.65
1/5/07,56.29
1/8/07,56.08
1/9/07,55.65
1/10/07,53.95
1/11/07,51.91
1/12/07,52.96
1/16/07,51.23
1/17/07,52.3
1/18/07,50.51
1/19/07,51.98
1/22/07,51.11
1/23/07,53.61
1/24/07,54.24
1/25/07,53.49
1/26/07,55.38
1/29/07,54.01
1/30/07,57.03
1/31/07,58.17
2/1/07,57.35
2/2/07,59.01
2/5/07,58.69
2/6/07,58.91
2/7/07,57.75
2/8/07,59.76
2/9/07,59.86
2/12/07,57.76
2/13/07,58.98
2/14/07,58
2/15/07,57.92
2/16/07,59.38
2/20/07,58.32
2/21/07,59.4
2/22/07,60.28
2/23/07,60.28
2/26/07,61.41
2/27/07,61.46
2/28/07,61.78
3/1/07,61.97
3/2/07,61.58
3/5/07,60.05
3/6/07,60.66
3/7/07,61.85
3/8/07,61.63
3/9/07,60.06
3/12/07,58.94
3/13/07,58.03
3/14/07,58.15
3/15/07,57.52
3/16/07,57.06
3/19/07,56.65
3/20/07,56.41
3/21/07,56.98
3/22/07,60.21
3/23/07,61.07
3/26/07,61.77
3/27/07,62.98
3/28/07,64.11
3/29/07,66.1
3/30/07,65.94
4/2/07,66.03
4/3/07,64.59
4/4/07,64.4
4/5/07,64.26
4/9/07,61.51
4/10/07,61.92
4/11/07,61.98
4/12/07,63.87
4/13/07,63.63
4/16/07,63.63
4/17/07,63.14
4/18/07,63.14
4/19/07,61.81
4/20/07,63.56
4/23/07,65.33
4/24/07,64.1
4/25/07,65.33
4/26/07,65.08
4/27/07,66.45
4/30/07,65.78
5/1/07,64.43
5/2/07,63.78
5/3/07,63.23
5/4/07,61.89
5/7/07,61.48
5/8/07,62.26
5/9/07,61.54
5/10/07,61.85
5/11/07,62.35
5/14/07,62.55
5/15/07,63.16
5/16/07,62.57
5/17/07,64.83
5/18/07,64.93
5/21/07,66.25
5/22/07,64.91
5/23/07,65.1
5/24/07,63.62
5/25/07,64.59
5/29/07,63.19
5/30/07,63.47
5/31/07,64.02
6/1/07,65.09
6/4/07,66.17
6/5/07,65.63
6/6/07,65.97
6/7/07,66.93
6/8/07,64.78
6/11/07,65.93
6/12/07,65.36
6/13/07,66.17
6/14/07,67.62
6/15/07,68.04
6/18/07,69.06
6/19/07,69.15
6/20/07,68.5
6/21/07,68.35
6/22/07,68.85
6/25/07,68.83
6/26/07,67.78
6/27/07,68.98
6/28/07,69.61
6/29/07,70.47
7/2/07,71.11
7/3/07,71.41
7/5/07,71.81
7/6/07,72.8
7/9/07,72.14
7/10/07,72.8
7/11/07,72.58
7/12/07,72.55
7/13/07,73.89
7/16/07,74.11
7/17/07,74.03
7/18/07,75.03
7/19/07,75.9
7/20/07,75.53
7/23/07,74.65
7/24/07,73.38
7/25/07,75.74
7/26/07,74.96
7/27/07,77.03
7/30/07,76.82
7/31/07,78.2
8/1/07,76.49
8/2/07,76.84
8/3/07,75.41
8/6/07,72.03
8/7/07,72.25
8/8/07,72.23
8/9/07,71.62
8/10/07,71.49
8/13/07,71.6
8/14/07,72.4
8/15/07,73.36
8/16/07,70.99
8/17/07,71.9
8/20/07,71.12
8/21/07,69.49
8/22/07,69.3
8/23/07,69.86
8/24/07,71.17
8/27/07,71.98
8/28/07,71.79
8/29/07,73.52
8/30/07,73.37
8/31/07,73.98
9/4/07,75.07
9/5/07,75.74
9/6/07,76.34
9/7/07,76.7
9/10/07,77.53
9/11/07,78.16
9/12/07,79.85
9/13/07,80.05
9/14/07,79.14
9/17/07,80.55
9/18/07,81.51
9/19/07,81.99
9/20/07,83.85
9/21/07,83.38
9/24/07,82.51
9/25/07,81.2
9/26/07,80.31
9/27/07,82.86
9/28/07,81.64
10/1/07,80.31
10/2/07,80
10/3/07,79.97
10/4/07,81.48
10/5/07,81.2
10/8/07,78.97
10/9/07,80.23
10/10/07,81.3
10/11/07,83.05
10/12/07,83.73
10/15/07,86.19
10/16/07,87.58
10/17/07,87.19
10/18/07,89.48
10/19/07,88.58
10/22/07,87.6
10/23/07,86.45
10/24/07,88.3
10/25/07,92.09
10/26/07,91.73
10/29/07,93.45
10/30/07,90.33
10/31/07,94.16
11/1/07,93.53
11/2/07,95.81
11/5/07,94.06
11/6/07,96.65
11/7/07,96.46
11/8/07,95.51
11/9/07,96.36
11/12/07,94.4
11/13/07,91.18
11/14/07,94.02
11/15/07,93.37
11/16/07,94.81
11/19/07,95.75
11/20/07,99.16
11/21/07,98.57
11/23/07,98.24
11/26/07,97.66
11/27/07,94.39
11/28/07,90.71
11/29/07,90.98
11/30/07,88.6
12/3/07,89.29
12/4/07,88.31
12/5/07,87.45
12/6/07,90.25
12/7/07,88.23
12/10/07,87.72
12/11/07,90.12
12/12/07,94.41
12/13/07,92.35
12/14/07,91.31
12/17/07,90.69
12/18/07,89.93
12/19/07,91.11
12/20/07,90.88
12/21/07,93.19
12/24/07,94
12/26/07,95.89
12/27/07,96.63
12/28/07,96.03
12/31/07,95.95
1/2/08,99.64
1/3/08,99.17
1/4/08,97.9
1/7/08,95.08
1/8/08,96.43
1/9/08,95.64
1/10/08,93.92
1/11/08,92.74
1/14/08,94.23
1/15/08,91.87
1/16/08,90.8
1/17/08,90.11
1/18/08,90.55
1/22/08,89.64
1/23/08,87.65
1/24/08,89.98
1/25/08,90.37
1/28/08,90.99
1/29/08,91.66
1/30/08,92.34
1/31/08,91.67
2/1/08,89.03
2/4/08,90.07
2/5/08,88.32
2/6/08,87.16
2/7/08,88.07
2/8/08,91.77
2/11/08,93.56
2/12/08,92.82
2/13/08,93.28
2/14/08,95.42
2/15/08,95.57
2/19/08,99.99
2/20/08,100.86
2/21/08,98.57
2/22/08,99.03
2/25/08,99.4
2/26/08,100.83
2/27/08,99.59
2/28/08,102.6
2/29/08,101.78
3/3/08,102.42
3/4/08,99.72
3/5/08,104.45
3/6/08,105.51
3/7/08,105.12
3/10/08,107.9
3/11/08,108.73
3/12/08,109.86
3/13/08,110.21
3/14/08,110.03
3/17/08,105.74
3/18/08,109.57
3/19/08,103.25
3/20/08,102.57
3/24/08,101.7
3/25/08,101.78
3/26/08,105.83
3/27/08,107.56
3/28/08,105.59
3/31/08,101.54
4/1/08,100.92
4/2/08,104.83
4/3/08,103.92
4/4/08,106.09
4/7/08,108.91
4/8/08,108.54
4/9/08,110.89
4/10/08,110.07
4/11/08,110.14
4/14/08,111.71
4/15/08,113.77
4/16/08,114.8
4/17/08,114.8
4/18/08,116.56
4/21/08,117.48
4/22/08,119.17
4/23/08,119.28
4/24/08,117.1
4/25/08,119.64
4/28/08,118.78
4/29/08,115.67
4/30/08,113.7
5/1/08,112.6
5/2/08,116.36
5/5/08,119.94
5/6/08,121.82
5/7/08,123.56
5/8/08,123.77
5/9/08,125.94
5/12/08,124.02
5/13/08,125.83
5/14/08,124.21
5/15/08,124.25
5/16/08,126.5
5/19/08,127.15
5/20/08,128.93
5/21/08,132.99
5/22/08,130.04
5/23/08,131.58
5/27/08,128.81
5/28/08,131
5/29/08,126.7
5/30/08,127.35
6/2/08,127.75
6/3/08,124.33
6/4/08,122.3
6/5/08,127.93
6/6/08,138.51
6/9/08,134.44
6/10/08,131.38
6/11/08,136.43
6/12/08,136.91
6/13/08,134.84
6/16/08,134.52
6/17/08,133.99
6/18/08,136.54
6/19/08,131.88
6/20/08,134.78
6/23/08,135.98
6/24/08,136.49
6/25/08,133.92
6/26/08,138.91
6/27/08,139.69
6/30/08,139.96
7/1/08,141.06
7/2/08,143.74
7/3/08,145.31
7/7/08,141.38
7/8/08,136.06
7/9/08,135.88
7/10/08,141.47
7/11/08,144.96
7/14/08,145.16
7/15/08,138.68
7/16/08,134.63
7/17/08,129.43
7/18/08,128.94
7/21/08,131.43
7/22/08,127.25
7/23/08,123.73
7/24/08,124.62
7/25/08,122.59
7/28/08,124.72
7/29/08,122.21
7/30/08,126.74
7/31/08,124.17
8/1/08,125.03
8/4/08,121.45
8/5/08,118.71
8/6/08,118.57
8/7/08,119.84
8/8/08,115.42
8/11/08,114.44
8/12/08,113.1
8/13/08,115.96
8/14/08,115.05
8/15/08,113.46
8/18/08,112.92
8/19/08,114.39
8/20/08,115.48
8/21/08,121.23
8/22/08,114.48
8/25/08,114.85
8/26/08,116.31
8/27/08,118.17
8/28/08,115.58
8/29/08,115.55
9/2/08,109.63
9/3/08,109.38
9/4/08,107.99
9/5/08,106.47
9/8/08,106.35
9/9/08,103.23
9/10/08,102.66
9/11/08,100.95
9/12/08,101.19
9/15/08,95.52
9/16/08,91.49
9/17/08,97.39
9/18/08,97.5
9/19/08,104.05
9/22/08,122.61
9/23/08,107.85
9/24/08,106.84
9/25/08,111.54
9/26/08,106.77
9/29/08,96.29
9/30/08,100.7
10/1/08,98.23
10/2/08,93.84
10/3/08,93.91
10/6/08,88.15
10/7/08,90.18
10/8/08,88.94
10/9/08,86.5
10/10/08,77.44
10/13/08,81.17
10/14/08,78.69
10/15/08,74.38
10/16/08,69.81
10/17/08,71.9
10/20/08,74.08
10/21/08,71.29
10/22/08,66.92
10/23/08,67.17
10/24/08,63.34
10/27/08,61.92
10/28/08,62.8
10/29/08,67.45
10/30/08,65.79
10/31/08,68.1
11/3/08,63.93
11/4/08,70.41
11/5/08,65.41
11/6/08,60.72
11/7/08,61.06
11/10/08,62.19
11/11/08,59.38
11/12/08,55.95
11/13/08,58.31
11/14/08,57.18
11/17/08,55.14
11/18/08,54.42
11/19/08,53.64
11/20/08,48.86
11/21/08,49.22
11/24/08,53.63
11/25/08,50.02
11/26/08,54.2
11/28/08,55.21
12/1/08,49.34
12/2/08,47.05
12/3/08,46.79
12/4/08,43.8
12/5/08,41.01
12/8/08,43.69
12/9/08,42
12/10/08,43.1
12/11/08,47.77
12/12/08,46.27
12/15/08,44.61
12/16/08,43.84
12/17/08,40.17
12/18/08,36.73
12/19/08,33.17
12/22/08,31.1
12/23/08,30.28
12/24/08,32.94
12/26/08,37.58
12/29/08,39.89
12/30/08,38.95
12/31/08,44.6
1/2/09,46.17
1/5/09,48.61
1/6/09,48.56
1/7/09,42.75
1/8/09,41.68
1/9/09,40.69
1/12/09,37.65
1/13/09,37.77
1/14/09,37.43
1/15/09,35.41
1/16/09,35.38
1/20/09,38.57
1/21/09,42.56
1/22/09,42.33
1/23/09,45.12
1/26/09,46.5
1/27/09,41.67
1/28/09,42.04
1/29/09,41.58
1/30/09,41.73
2/2/09,41.35
2/3/09,40.87
2/4/09,40.27
2/5/09,41.15
2/6/09,40.24
2/9/09,39.58
2/10/09,37.54
2/11/09,35.93
2/12/09,34.03
2/13/09,37.63
2/17/09,34.96
2/18/09,34.67
2/19/09,39.6
2/20/09,39.35
2/23/09,37.66
2/24/09,38.86
2/25/09,41.64
2/26/09,43.18
2/27/09,44.15
3/2/09,40.07
3/3/09,41.57
3/4/09,45.28
3/5/09,43.54
3/6/09,45.43
3/9/09,47.01
3/10/09,45.68
3/11/09,42.46
3/12/09,46.91
3/13/09,46.22
3/16/09,47.33
3/17/09,48.97
3/18/09,48.12
3/19/09,51.46
3/20/09,51.55
3/23/09,53.05
3/24/09,53.36
3/25/09,52.24
3/26/09,53.87
3/27/09,52.41
3/30/09,48.49
3/31/09,49.64
4/1/09,48.46
4/2/09,52.61
4/3/09,52.52
4/6/09,51.1
4/7/09,49.13
4/8/09,49.37
4/9/09,52.24
4/13/09,50.22
4/14/09,49.51
4/15/09,49.26
4/16/09,49.97
4/17/09,50.36
4/20/09,45.82
4/21/09,46.65
4/22/09,47.41
4/23/09,48.46
4/24/09,50.65
4/27/09,49.29
4/28/09,49.01
4/29/09,50.19
4/30/09,50.35
5/1/09,52.18
5/4/09,54.45
5/5/09,53.81
5/6/09,56.29
5/7/09,56.67
5/8/09,58.58
5/11/09,57.79
5/12/09,58.81
5/13/09,58
5/14/09,58.58
5/15/09,56.52
5/18/09,58.99
5/19/09,59.52
5/20/09,61.45
5/21/09,60.49
5/22/09,61.15
5/26/09,62.48
5/27/09,63.41
5/28/09,65.09
5/29/09,66.31
6/1/09,68.59
6/2/09,68.58
6/3/09,66.14
6/4/09,68.8
6/5/09,68.43
6/8/09,68.05
6/9/09,70.02
6/10/09,71.38
6/11/09,72.69
6/12/09,72.13
6/15/09,70.54
6/16/09,70.47
6/17/09,71.07
6/18/09,71.42
6/19/09,69.6
6/22/09,67.09
6/23/09,68.81
6/24/09,68.14
6/25/09,69.7
6/26/09,69.16
6/29/09,71.47
6/30/09,69.82
7/1/09,69.32
7/2/09,66.68
7/6/09,64.06
7/7/09,62.88
7/8/09,60.15
7/9/09,60.36
7/10/09,59.93
7/13/09,59.69
7/14/09,59.62
7/15/09,61.49
7/16/09,62.07
7/17/09,63.56
7/20/09,63.93
7/21/09,64.81
7/22/09,64.58
7/23/09,66.1
7/24/09,66.96
7/27/09,68.34
7/28/09,67.24
7/29/09,63.42
7/30/09,66.9
7/31/09,69.26
8/3/09,71.59
8/4/09,71.4
8/5/09,71.97
8/6/09,71.96
8/7/09,70.97
8/10/09,70.59
8/11/09,69.46
8/12/09,70.08
8/13/09,70.57
8/14/09,67.51
8/17/09,66.72
8/18/09,69.22
8/19/09,72.54
8/20/09,72.4
8/21/09,73.12
8/24/09,73.68
8/25/09,71.6
8/26/09,71.38
8/27/09,72.49
8/28/09,72.72
8/31/09,69.97
9/1/09,68.11
9/2/09,68.03
9/3/09,67.9
9/4/09,67.95
9/8/09,71.08
9/9/09,71.27
9/10/09,71.95
9/11/09,69.34
9/14/09,68.86
9/15/09,70.81
9/16/09,72.5
9/17/09,72.48
9/18/09,71.95
9/21/09,69.74
9/22/09,71.5
9/23/09,68.74
9/24/09,65.74
9/25/09,65.91
9/28/09,66.69
9/29/09,66.56
9/30/09,70.46
10/1/09,70.67
10/2/09,69.8
10/5/09,70.26
10/6/09,70.71
10/7/09,69.6
10/8/09,71.69
10/9/09,71.75
10/12/09,73.24
10/13/09,74.1
10/14/09,75.2
10/15/09,77.55
10/16/09,78.54
10/19/09,79.47
10/20/09,78.87
10/21/09,81.03
10/22/09,80.82
10/23/09,80.11
10/26/09,78.61
10/27/09,79.45
10/28/09,77.39
10/29/09,79.84
10/30/09,77.04
11/2/09,78.08
11/3/09,79.58
11/4/09,80.3
11/5/09,79.64
11/6/09,77.4
11/9/09,79.44
11/10/09,79.01
11/11/09,79.16
11/12/09,77.25
11/13/09,76.34
11/16/09,78.91
11/17/09,79.08
11/18/09,79.55
11/19/09,77.47
11/20/09,76.83
11/23/09,76.49
11/24/09,74.88
11/25/09,77.25
11/27/09,75.95
11/30/09,77.19
12/1/09,78.39
12/2/09,76.62
12/3/09,76.42
12/4/09,75.41
12/7/09,73.89
12/8/09,72.59
12/9/09,70.67
12/10/09,70.54
12/11/09,69.86
12/14/09,69.48
12/15/09,70.62
12/16/09,72.64
12/17/09,72.58
12/18/09,73.3
12/21/09,72.71
12/22/09,73.48
12/23/09,76.03
12/24/09,76.83
12/28/09,78.67
12/29/09,78.87
12/30/09,79.35
12/31/09,79.39
1/4/10,81.52
1/5/10,81.74
1/6/10,83.12
1/7/10,82.6
1/8/10,82.74
1/11/10,82.54
1/12/10,80.79
1/13/10,79.66
1/14/10,79.35
1/15/10,77.96
1/19/10,78.98
1/20/10,77.42
1/21/10,75.84
1/22/10,74.25
1/25/10,74.9
1/26/10,74.67
1/27/10,73.64
1/28/10,73.62
1/29/10,72.85
2/1/10,74.41
2/2/10,77.21
2/3/10,76.96
2/4/10,73.13
2/5/10,71.15
2/8/10,71.87
2/9/10,73.71
2/10/10,74.48
2/11/10,75.23
2/12/10,74.11
2/16/10,76.98
2/17/10,77.27
2/18/10,78.97
2/19/10,79.77
2/22/10,80.04
2/23/10,78.61
2/24/10,79.75
2/25/10,77.99
2/26/10,79.72
3/1/10,78.71
3/2/10,79.62
3/3/10,80.91
3/4/10,80.21
3/5/10,81.5
3/8/10,81.85
3/9/10,81.5
3/10/10,82.07
3/11/10,82.1
3/12/10,81.26
3/15/10,79.79
3/16/10,81.75
3/17/10,82.93
3/18/10,82.16
3/19/10,80.58
3/22/10,81.26
3/23/10,81.68
3/24/10,80.29
3/25/10,80.25
3/26/10,79.75
3/29/10,81.92
3/30/10,82.14
3/31/10,83.45
4/1/10,84.53
4/5/10,86.36
4/6/10,86.54
4/7/10,85.64
4/8/10,85.17
4/9/10,84.6
4/12/10,84.07
4/13/10,83.8
4/14/10,85.62
4/15/10,85.25
4/16/10,82.97
4/19/10,81.52
4/20/10,82.98
4/21/10,82.78
4/22/10,82.89
4/23/10,84.34
4/26/10,84.2
4/27/10,82.43
4/28/10,83.22
4/29/10,85.17
4/30/10,86.07
5/3/10,86.19
5/4/10,82.73
5/5/10,80
5/6/10,77.18
5/7/10,75.1
5/10/10,76.89
5/11/10,76.37
5/12/10,75.65
5/13/10,74.38
5/14/10,71.61
5/17/10,70.08
5/18/10,69.38
5/19/10,69.91
5/20/10,68.28
5/21/10,68.03
5/24/10,68.23
5/25/10,64.78
5/26/10,71.52
5/27/10,74.56
5/28/10,74
6/1/10,72.7
6/2/10,72.88
6/3/10,74.62
6/4/10,71.43
6/7/10,71.55
6/8/10,71.88
6/9/10,74.38
6/10/10,75.48
6/11/10,73.89
6/14/10,74.99
6/15/10,76.84
6/16/10,77.67
6/17/10,76.82
6/18/10,77.18
6/21/10,77.84
6/22/10,77.15
6/23/10,75.9
6/24/10,75.96
6/25/10,78.45
6/28/10,78.26
6/29/10,75.93
6/30/10,75.59
7/1/10,72.95
7/2/10,72.06
7/6/10,71.96
7/7/10,74.05
7/8/10,75.46
7/9/10,76.08
7/12/10,74.93
7/13/10,77.16
7/14/10,77.02
7/15/10,76.67
7/16/10,75.96
7/19/10,76.53
7/20/10,77.32
7/21/10,76.27
7/22/10,79.01
7/23/10,78.68
7/26/10,78.93
7/27/10,77.46
7/28/10,77.06
7/29/10,78.3
7/30/10,78.85
8/2/10,81.25
8/3/10,82.52
8/4/10,82.49
8/5/10,82
8/6/10,80.67
8/9/10,81.46
8/10/10,80.24
8/11/10,78.09
8/12/10,75.68
8/13/10,75.39
8/16/10,75.17
8/17/10,75.76
8/18/10,75.39
8/19/10,74.45
8/20/10,73.45
8/23/10,72.71
8/24/10,71.24
8/25/10,72.07
8/26/10,73.36
8/27/10,75.17
8/30/10,74.69
8/31/10,71.93
9/1/10,73.97
9/2/10,74.99
9/3/10,74.52
9/7/10,73.98
9/8/10,74.65
9/9/10,74.25
9/10/10,76.4
9/13/10,77.17
9/14/10,76.78
9/15/10,75.92
9/16/10,74.58
9/17/10,73.63
9/20/10,74.81
9/21/10,72.96
9/22/10,72.98
9/23/10,73.4
9/24/10,74.63
9/27/10,76.51
9/28/10,76.15
9/29/10,77.85
9/30/10,79.95
10/1/10,81.57
10/4/10,81.43
10/5/10,82.83
10/6/10,83.21
10/7/10,81.34
10/8/10,82.66
10/11/10,82.18
10/12/10,81.67
10/13/10,83.03
10/14/10,82.71
10/15/10,81.23
10/18/10,83.06
10/19/10,79.57
10/20/10,81.93
10/21/10,80.03
10/22/10,81.15
10/25/10,82
10/26/10,82.6
10/27/10,81.9
10/28/10,82.2
10/29/10,81.45
11/1/10,82.94
11/2/10,83.91
11/3/10,84.45
11/4/10,86.49
11/5/10,86.85
11/8/10,87.07
11/9/10,87.04
11/10/10,87.77
11/11/10,87.77
11/12/10,84.89
11/15/10,84.88
11/16/10,82.33
11/17/10,80.43
11/18/10,81.88
11/19/10,81.65
11/22/10,81.24
11/23/10,80.79
11/24/10,83.21
11/26/10,83.87
11/29/10,85.73
11/30/10,84.12
12/1/10,86.75
12/2/10,87.98
12/3/10,89.18
12/6/10,89.33
12/7/10,88.69
12/8/10,88.3
12/9/10,88.35
12/10/10,87.81
12/13/10,88.62
12/14/10,88.33
12/15/10,88.66
12/16/10,87.71
12/17/10,88.02
12/20/10,88.68
12/21/10,89.3
12/22/10,89.83
12/23/10,90.84
12/27/10,90.99
12/28/10,91.48
12/29/10,91.13
12/30/10,89.85
12/31/10,91.38
1/3/11,91.59
1/4/11,89.39
1/5/11,90.3
1/6/11,88.37
1/7/11,88.07
1/10/11,89.24
1/11/11,91.11
1/12/11,91.85
1/13/11,91.39
1/14/11,91.53
1/18/11,91.38
1/19/11,90.85
1/20/11,88.56
1/21/11,88.22
1/24/11,86.74
1/25/11,85.08
1/26/11,86.15
1/27/11,84.45
1/28/11,88.15
1/31/11,90.99
2/1/11,89.54
2/2/11,89.78
2/3/11,89.42
2/4/11,87.87
2/7/11,86.3
2/8/11,85.85
2/9/11,85.59
2/10/11,85.44
2/11/11,84.39
2/14/11,83.66
2/15/11,83.13
2/16/11,83.8
2/17/11,85.05
2/18/11,85.03
2/22/11,92.65
2/23/11,96.04
2/24/11,95.83
2/25/11,96.52
2/28/11,97.1
3/1/11,99.63
3/2/11,102.27
3/3/11,101.92
3/4/11,104.34
3/7/11,105.37
3/8/11,105.06
3/9/11,104.39
3/10/11,102.73
3/11/11,101.14
3/14/11,101.2
3/15/11,97.23
3/16/11,97.99
3/17/11,101.47
3/18/11,101.06
3/21/11,102.36
3/22/11,104.53
3/23/11,105.21
3/24/11,105.04
3/25/11,104.89
3/28/11,103.54
3/29/11,104.34
3/30/11,103.8
3/31/11,106.19
4/1/11,107.55
4/4/11,108.14
4/5/11,107.82
4/6/11,108.38
4/7/11,109.82
4/8/11,112.27
4/11/11,109.5
4/12/11,105.75
4/13/11,106.6
4/14/11,107.73
4/15/11,109.17
4/18/11,106.7
4/19/11,107.18
4/20/11,110.84
4/21/11,111.72
4/25/11,111.68
4/26/11,111.72
4/27/11,112.31
4/28/11,112.38
4/29/11,113.39
5/2/11,113.03
5/3/11,110.6
5/4/11,108.79
5/5/11,99.89
5/6/11,96.87
5/9/11,100.32
5/10/11,103.39
5/11/11,97.88
5/12/11,98.53
5/13/11,99.21
5/16/11,96.91
5/17/11,96.4
5/18/11,99.52
5/19/11,97.99
5/20/11,99.15
5/23/11,97.06
5/24/11,99.13
5/25/11,100.78
5/26/11,100.18
5/27/11,100.58
5/31/11,102.7
6/1/11,100.3
6/2/11,100.41
6/3/11,100.28
6/6/11,99.07
6/7/11,99.18
6/8/11,100.77
6/9/11,101.95
6/10/11,99.3
6/13/11,97.2
6/14/11,99.37
6/15/11,94.83
6/16/11,94.95
6/17/11,93.02
6/20/11,93.23
6/21/11,93.7
6/22/11,94.96
6/23/11,90.7
6/24/11,90.89
6/27/11,90.65
6/28/11,92.9
6/29/11,94.85
6/30/11,95.3
7/1/11,94.81
7/5/11,96.92
7/6/11,96.67
7/7/11,98.7
7/8/11,96.2
7/11/11,95.16
7/12/11,97.41
7/13/11,98.04
7/14/11,95.75
7/15/11,97.24
7/18/11,95.94
7/19/11,97.49
7/20/11,98.11
7/21/11,98.96
7/22/11,99.53
7/25/11,98.97
7/26/11,99.61
7/27/11,97.4
7/28/11,97.48
7/29/11,95.68
8/1/11,94.98
8/2/11,93.78
8/3/11,91.87
8/4/11,86.75
8/5/11,86.89
8/8/11,81.27
8/9/11,79.32
8/10/11,83.05
8/11/11,85.48
8/12/11,85.19
8/15/11,87.88
8/16/11,86.65
8/17/11,87.58
8/18/11,82.38
8/19/11,82.33
8/22/11,84.42
8/23/11,85.35
8/24/11,84.99
8/25/11,85.15
8/26/11,85.37
8/29/11,87.27
8/30/11,88.9
8/31/11,88.81
9/1/11,88.93
9/2/11,86.45
9/6/11,85.99
9/7/11,89.34
9/8/11,89.05
9/9/11,87.24
9/12/11,88.19
9/13/11,90.21
9/14/11,88.91
9/15/11,89.4
9/16/11,87.96
9/19/11,85.7
9/20/11,86.92
9/21/11,85.77
9/22/11,80.29
9/23/11,79.58
9/26/11,79.97
9/27/11,84.18
9/28/11,80.94
9/29/11,81.87
9/30/11,78.93
10/3/11,77.34
10/4/11,75.4
10/5/11,79.41
10/6/11,82.32
10/7/11,82.7
10/10/11,85.14
10/11/11,85.54
10/12/11,85.3
10/13/11,83.96
10/14/11,86.8
10/17/11,86.38
10/18/11,88.34
10/19/11,86.11
10/20/11,86.07
10/21/11,87.19
10/24/11,91.12
10/25/11,92.98
10/26/11,90.2
10/27/11,93.96
10/28/11,93.32
10/31/11,93.19
11/1/11,92.19
11/2/11,92.51
11/3/11,94.07
11/4/11,94.26
11/7/11,95.52
11/8/11,96.8
11/9/11,95.74
11/10/11,97.78
11/11/11,98.99
11/14/11,98.14
11/15/11,99.37
11/16/11,102.59
11/17/11,98.82
11/18/11,97.67
11/21/11,96.73
11/22/11,97.76
11/23/11,96.16
11/25/11,96.91
11/28/11,98.21
11/29/11,99.79
11/30/11,100.36
12/1/11,100.2
12/2/11,100.97
12/5/11,100.94
12/6/11,101.25
12/7/11,100.45
12/8/11,98.35
12/9/11,99.4
12/12/11,97.77
12/13/11,100.24
12/14/11,94.92
12/15/11,93.84
12/16/11,93.55
12/19/11,93.86
12/20/11,97.16
12/21/11,98.54
12/22/11,99.42
12/23/11,99.72
12/27/11,101.29
12/28/11,99.44
12/29/11,99.68
12/30/11,98.83
1/3/12,102.96
1/4/12,103.22
1/5/12,101.81
1/6/12,101.56
1/9/12,101.31
1/10/12,102.24
1/11/12,100.89
1/12/12,99.03
1/13/12,98.69
1/17/12,100.7
1/18/12,100.61
1/19/12,100.32
1/20/12,98.15
1/23/12,99.47
1/24/12,98.84
1/25/12,99.23
1/26/12,99.76
1/27/12,99.47
1/30/12,98.75
1/31/12,98.46
2/1/12,97.63
2/2/12,96.36
2/3/12,97.8
2/6/12,96.89
2/7/12,98.55
2/8/12,98.8
2/9/12,99.88
2/10/12,98.68
2/13/12,100.39
2/14/12,100.82
2/15/12,101.82
2/16/12,102.33
2/17/12,103.27
2/21/12,105.88
2/22/12,105.99
2/23/12,107.44
2/24/12,109.39
2/27/12,108.49
2/28/12,106.59
2/29/12,107.08
3/1/12,108.76
3/2/12,106.68
3/5/12,106.7
3/6/12,104.71
3/7/12,106.16
3/8/12,106.65
3/9/12,107.4
3/12/12,106.34
3/13/12,106.7
3/14/12,105.49
3/15/12,105.19
3/16/12,107.03
3/19/12,108.09
3/20/12,105.68
3/21/12,106.87
3/22/12,104.98
3/23/12,106.43
3/26/12,107.07
3/27/12,107.32
3/28/12,105.4
3/29/12,102.79
3/30/12,103.03
4/2/12,105.25
4/3/12,104.02
4/4/12,101.53
4/5/12,103.29
4/9/12,102.45
4/10/12,101.12
4/11/12,102.66
4/12/12,103.69
4/13/12,102.84
4/16/12,102.92
4/17/12,104.23
4/18/12,102.65
4/19/12,102.38
4/20/12,103.58
4/23/12,102.68
4/24/12,103.1
4/25/12,103.72
4/26/12,104.56
4/27/12,104.86
4/30/12,104.89
5/1/12,106.17
5/2/12,105.25
5/3/12,102.56
5/4/12,98.49
5/7/12,97.86
5/8/12,97.13
5/9/12,96.8
5/10/12,97.1
5/11/12,96.03
5/14/12,94.75
5/15/12,93.97
5/16/12,92.78
5/17/12,92.53
5/18/12,91.51
5/21/12,92.57
5/22/12,91.44
5/23/12,89.4
5/24/12,90.36
5/25/12,90.64
5/29/12,90.75
5/30/12,87.79
5/31/12,86.52
6/1/12,83.17
6/4/12,83.95
6/5/12,84.31
6/6/12,85.05
6/7/12,84.78
6/8/12,84.08
6/11/12,82.58
6/12/12,83.35
6/13/12,82.56
6/14/12,83.83
6/15/12,84.03
6/18/12,83.26
6/19/12,83.99
6/20/12,81.06
6/21/12,77.91
6/22/12,79.33
6/25/12,78.76
6/26/12,79.34
6/27/12,80.27
6/28/12,77.72
6/29/12,85.04
7/2/12,83.72
7/3/12,87.74
7/5/12,87.11
7/6/12,84.37
7/9/12,85.93
7/10/12,83.92
7/11/12,85.88
7/12/12,86.02
7/13/12,87.15
7/16/12,88.41
7/17/12,89.07
7/18/12,89.88
7/19/12,92.78
7/20/12,91.56
7/23/12,87.77
7/24/12,88.28
7/25/12,88.8
7/26/12,89.4
7/27/12,90.13
7/30/12,89.8
7/31/12,88.08
8/1/12,88.99
8/2/12,87.22
8/3/12,91.4
8/6/12,92.3
8/7/12,93.68
8/8/12,93.39
8/9/12,93.39
8/10/12,92.94
8/13/12,92.76
8/14/12,93.4
8/15/12,94.35
8/16/12,95.66
8/17/12,96
8/20/12,96.03
8/21/12,96.55
8/22/12,96.89
8/23/12,95.87
8/24/12,95.78
8/27/12,95.54
8/28/12,96.3
8/29/12,95.5
8/30/12,94.61
8/31/12,96.47
9/4/12,95.34
9/5/12,95.37
9/6/12,95.58
9/7/12,96.41
9/10/12,96.52
9/11/12,97.03
9/12/12,97.02
9/13/12,98.3
9/14/12,98.94
9/17/12,96.51
9/18/12,95.25
9/19/12,91.97
9/20/12,92.14
9/21/12,92.64
9/24/12,91.68
9/25/12,91.07
9/26/12,89.92
9/27/12,91.89
9/28/12,92.18
10/1/12,92.44
10/2/12,91.88
10/3/12,88.19
10/4/12,91.69
10/5/12,89.87
10/8/12,89.43
10/9/12,92.42
10/10/12,91.24
10/11/12,92.19
10/12/12,91.83
10/15/12,91.84
10/16/12,92.07
10/17/12,92.04
10/18/12,92
10/19/12,90
10/22/12,88.3
10/23/12,86.65
10/24/12,85.39
10/25/12,85.59
10/26/12,85.84
10/29/12,85.52
10/30/12,85.65
10/31/12,86.23
11/1/12,87.05
11/2/12,84.9
11/5/12,85.64
11/6/12,88.62
11/7/12,84.5
11/8/12,85.07
11/9/12,86.08
11/12/12,85.56
11/13/12,85.38
11/14/12,86.32
11/15/12,85.45
11/16/12,86.62
11/19/12,89.05
11/20/12,86.46
11/21/12,87.08
11/23/12,87.01
11/26/12,87.28
11/27/12,86.81
11/28/12,86.1
11/29/12,87.64
11/30/12,88.54
12/3/12,88.69
12/4/12,88.04
12/5/12,87.36
12/6/12,85.47
12/7/12,85.45
12/10/12,85.14
12/11/12,85.36
12/12/12,86.35
12/13/12,85.39
12/14/12,86.32
12/17/12,86.71
12/18/12,87.46
12/19/12,89.09
12/20/12,89.76
12/21/12,88.2
12/24/12,88.29
12/26/12,90.71
12/27/12,90.91
12/28/12,90.66
12/31/12,91.83
1/2/13,93.14
1/3/13,92.97
1/4/13,93.12
1/7/13,93.2
1/8/13,93.21
1/9/13,93.08
1/10/13,93.81
1/11/13,93.6
1/14/13,94.27
1/15/13,93.26
1/16/13,94.28
1/17/13,95.49
1/18/13,95.61
1/22/13,96.09
1/23/13,95.06
1/24/13,95.35
1/25/13,95.15
1/28/13,95.95
1/29/13,97.62
1/30/13,97.98
1/31/13,97.65
2/1/13,97.46
2/4/13,96.21
2/5/13,96.68
2/6/13,96.44
2/7/13,95.84
2/8/13,95.71
2/11/13,97.01
2/12/13,97.48
2/13/13,97.03
2/14/13,97.3
2/15/13,95.95
2/19/13,96.69
2/20/13,94.92
2/21/13,92.79
2/22/13,93.12
2/25/13,92.74
2/26/13,92.63
2/27/13,92.84
2/28/13,92.03
3/1/13,90.71
3/4/13,90.13
3/5/13,90.88
3/6/13,90.47
3/7/13,91.53
3/8/13,92.01
3/11/13,92.07
3/12/13,92.44
3/13/13,92.47
3/14/13,93.03
3/15/13,93.49
3/18/13,93.71
3/19/13,92.44
3/20/13,93.21
3/21/13,92.46
3/22/13,93.41
3/25/13,94.55
3/26/13,95.99
3/27/13,96.53
3/28/13,97.24
4/1/13,97.1
4/2/13,97.23
4/3/13,95.02
4/4/13,93.26
4/5/13,92.76
4/8/13,93.36
4/9/13,94.18
4/10/13,94.59
4/11/13,93.44
4/12/13,91.23
4/15/13,88.75
4/16/13,88.73
4/17/13,86.65
4/18/13,87.83
4/19/13,88.04
4/22/13,88.81
4/23/13,89.21
4/24/13,91.07
4/25/13,93.27
4/26/13,92.63
4/29/13,94.09
4/30/13,93.22
5/1/13,90.74
5/2/13,93.7
5/3/13,95.25
5/6/13,95.8
5/7/13,95.28
5/8/13,96.24
5/9/13,96.09
5/10/13,95.81
5/13/13,94.76
5/14/13,93.96
5/15/13,93.95
5/16/13,94.85
5/17/13,95.72
5/20/13,96.29
5/21/13,95.55
5/22/13,93.98
5/23/13,94.12
5/24/13,93.84
5/28/13,94.65
5/29/13,93.13
5/30/13,93.57
5/31/13,91.93
6/3/13,93.41
6/4/13,93.36
6/5/13,93.66
6/6/13,94.71
6/7/13,96.11
6/10/13,95.82
6/11/13,95.5
6/12/13,95.98
6/13/13,96.66
6/14/13,97.83
6/17/13,97.86
6/18/13,98.46
6/19/13,98.24
6/20/13,94.89
6/21/13,93.81
6/24/13,95.07
6/25/13,95.25
6/26/13,95.47
6/27/13,97
6/28/13,96.36
7/1/13,97.94
7/2/13,99.65
7/3/13,101.92
7/5/13,103.09
7/8/13,103.03
7/9/13,103.46
7/10/13,106.41
7/11/13,104.77
7/12/13,105.85
7/15/13,106.2
7/16/13,105.88
7/17/13,106.39
7/18/13,107.94
7/19/13,108
7/22/13,106.61
7/23/13,107.13
7/24/13,105.41
7/25/13,105.47
7/26/13,104.76
7/29/13,104.61
7/30/13,103.14
7/31/13,105.1
8/1/13,107.93
8/2/13,106.94
8/5/13,106.61
8/6/13,105.32
8/7/13,104.41
8/8/13,103.45
8/9/13,106.04
8/12/13,106.19
8/13/13,106.78
8/14/13,106.89
8/15/13,107.43
8/16/13,107.58
8/19/13,107.14
8/20/13,104.9
8/21/13,103.93
8/22/13,104.93
8/23/13,106.48
8/26/13,105.88
8/27/13,109.11
8/28/13,110.17
8/29/13,108.51
8/30/13,107.98
9/3/13,108.67
9/4/13,107.29
9/5/13,108.5
9/6/13,110.62
9/9/13,109.62
9/10/13,107.48
9/11/13,107.65
9/12/13,108.72
9/13/13,108.31
9/16/13,106.54
9/17/13,105.36
9/18/13,108.23
9/19/13,106.26
9/20/13,104.7
9/23/13,103.62
9/24/13,103.22
9/25/13,102.68
9/26/13,103.1
9/27/13,102.86
9/30/13,102.36
10/1/13,102.09
10/2/13,104.15
10/3/13,103.29
10/4/13,103.83
10/7/13,103.07
10/8/13,103.54
10/9/13,101.63
10/10/13,103.08
10/11/13,102.17
10/14/13,102.46
10/15/13,101.15
10/16/13,102.34
10/17/13,100.72
10/18/13,100.87
10/21/13,99.28
10/22/13,97.63
10/23/13,96.9
10/24/13,96.65
10/25/13,97.4
10/28/13,98.74
10/29/13,98.29
10/30/13,96.81
10/31/13,96.29
11/1/13,94.56
11/4/13,94.58
11/5/13,93.4
11/6/13,94.74
11/7/13,94.25
11/8/13,94.56
11/11/13,95.13
11/12/13,93.12
11/13/13,93.91
11/14/13,93.76
11/15/13,93.8
11/18/13,93.03
11/19/13,93.35
11/20/13,93.34
11/21/13,95.35
11/22/13,94.53
11/25/13,93.86
11/26/13,93.41
11/27/13,92.05
11/29/13,92.55
12/2/13,93.61
12/3/13,95.83
12/4/13,96.97
12/5/13,97.14
12/6/13,97.48
12/9/13,97.1
12/10/13,98.32
12/11/13,97.25
12/12/13,97.21
12/13/13,96.27
12/16/13,97.18
12/17/13,96.99
12/18/13,97.59
12/19/13,98.4
12/20/13,99.11
12/23/13,98.62
12/24/13,98.87
12/26/13,99.18
12/27/13,99.94
12/30/13,98.9
12/31/13,98.17
1/2/14,95.14
1/3/14,93.66
1/6/14,93.12
1/7/14,93.31
1/8/14,91.9
1/9/14,91.36
1/10/14,92.39
1/13/14,91.45
1/14/14,92.15
1/15/14,93.78
1/16/14,93.54
1/17/14,93.96
1/20/14,
1/21/14,94.51
1/22/14,96.35
1/23/14,97.23
1/24/14,96.66
1/27/14,95.82
1/28/14,97.49
1/29/14,97.34
1/30/14,98.25
1/31/14,97.55
2/3/14,96.44
2/4/14,97.24
2/5/14,97.4
2/6/14,97.84
2/7/14,99.98
2/10/14,100.12
2/11/14,99.96
2/12/14,100.38
2/13/14,100.27
2/14/14,100.31
2/18/14,102.54
2/19/14,103.46
2/20/14,103.2
2/21/14,102.53
2/24/14,103.17
2/25/14,102.2
2/26/14,102.93
2/27/14,102.68
2/28/14,102.88
3/3/14,105.34
3/4/14,103.64
3/5/14,101.75
3/6/14,101.82
3/7/14,102.82
3/10/14,101.39
3/11/14,100.29
3/12/14,98.29
3/13/14,98.57
3/14/14,99.23
3/17/14,98.43
3/18/14,100.08
3/19/14,100.71
3/20/14,99.68
3/21/14,99.97
3/24/14,100.05
3/25/14,99.66
3/26/14,100.61
3/27/14,101.25
3/28/14,101.73
3/31/14,101.57
4/1/14,99.69
4/2/14,99.6
4/3/14,100.29
4/4/14,101.16
4/7/14,100.43
4/8/14,102.57
4/9/14,103.55
4/10/14,103.37
4/11/14,103.68
4/14/14,104.05
4/15/14,103.7
4/16/14,103.71
4/17/14,104.33
4/21/14,104.35
4/22/14,101.69
4/23/14,101.47
4/24/14,102.2
4/25/14,100.85
4/28/14,101.13
4/29/14,101.56
4/30/14,100.07
5/1/14,99.69
5/2/14,100.09
5/5/14,99.74
5/6/14,99.81
5/7/14,101.06
5/8/14,100.52
5/9/14,100.32
5/12/14,100.89
5/13/14,102.01
5/14/14,102.63
5/15/14,101.74
5/16/14,102.31
5/19/14,102.95
5/20/14,102.8
5/21/14,104.31
5/22/14,104.03
5/23/14,105.01
5/26/14,
5/27/14,104.78
5/28/14,103.37
5/29/14,104.26
5/30/14,103.4
6/2/14,103.07
6/3/14,103.34
6/4/14,103.27
6/5/14,103.17
6/6/14,103.32
6/9/14,105.09
6/10/14,105.02
6/11/14,105.04
6/12/14,107.2
6/13/14,107.49
6/16/14,107.52
6/17/14,106.95
6/18/14,106.64
6/19/14,107.08
6/20/14,107.95
6/23/14,106.83
6/24/14,106.64
6/25/14,107.04
6/26/14,106.49
6/27/14,106.46
6/30/14,106.07
7/1/14,106.06
7/2/14,105.18
7/3/14,104.76
7/7/14,104.19
7/8/14,104.06
7/9/14,102.93
7/10/14,103.61
7/11/14,101.48
7/14/14,101.73
7/15/14,100.56
7/16/14,101.88
7/17/14,103.84
7/18/14,103.83
7/21/14,105.34
7/22/14,104.59
7/23/14,103.81
7/24/14,102.76
7/25/14,105.23
7/28/14,105.68
7/29/14,104.91
7/30/14,104.29
7/31/14,98.23
8/1/14,97.86
8/4/14,98.26
8/5/14,97.34
8/6/14,96.93
8/7/14,97.34
8/8/14,97.61
8/11/14,98.09
8/12/14,97.36
8/13/14,97.57
8/14/14,95.54
8/15/14,97.3
8/18/14,96.44
8/19/14,94.35
8/20/14,96.4
8/21/14,93.97
8/22/14,93.61
8/25/14,95.39
8/26/14,95.78
8/27/14,95.82
8/28/14,96.44
8/29/14,97.86
9/2/14,92.92
9/3/14,95.5
9/4/14,94.51
9/5/14,93.32
9/8/14,92.64
9/9/14,92.73
9/10/14,91.71
9/11/14,92.89
9/12/14,92.18
9/15/14,92.86
9/16/14,94.91
9/17/14,94.33
9/18/14,93.07
9/19/14,92.43
9/22/14,91.46
9/23/14,91.55
9/24/14,93.6
9/25/14,93.59
9/26/14,95.55
9/29/14,94.53
9/30/14,91.17
10/1/14,90.74
10/2/14,91.02
10/3/14,89.76
10/6/14,90.33
10/7/14,88.89
10/8/14,87.29
10/9/14,85.76
10/10/14,85.87
10/13/14,85.73
10/14/14,81.72
10/15/14,81.82
10/16/14,82.33
10/17/14,82.8
10/20/14,82.76
10/21/14,83.25
10/22/14,80.52
10/23/14,82.81
10/24/14,81.27
10/27/14,81.26
10/28/14,81.36
10/29/14,82.25
10/30/14,81.06
10/31/14,80.53
11/3/14,78.77
11/4/14,77.15
11/5/14,78.71
11/6/14,77.87
11/7/14,78.71
11/10/14,77.43
11/11/14,77.85
11/12/14,77.16
11/13/14,74.13
11/14/14,75.91
11/17/14,75.64
11/18/14,74.55
11/19/14,74.55
11/20/14,75.63
11/21/14,76.52
11/24/14,75.74
11/25/14,74.04
11/26/14,73.7
11/28/14,65.94
12/1/14,68.98
12/2/14,66.99
12/3/14,67.3
12/4/14,66.73
12/5/14,65.89
12/8/14,63.13
12/9/14,63.74
12/10/14,60.99
12/11/14,60.01
12/12/14,57.81
12/15/14,55.96
12/16/14,55.97
12/17/14,56.43
12/18/14,54.18
12/19/14,56.91
12/22/14,55.25
12/23/14,56.78
12/24/14,55.7
12/26/14,54.59
12/29/14,53.46
12/30/14,54.14
12/31/14,53.45
1/2/15,52.72
1/5/15,50.05
1/6/15,47.98
1/7/15,48.69
1/8/15,48.8
1/9/15,48.35
1/12/15,46.06
1/13/15,45.92
1/14/15,48.49
1/15/15,46.37
1/16/15,48.49
1/20/15,46.79
1/21/15,47.85
1/22/15,45.93
1/23/15,45.26
1/26/15,44.8
1/27/15,45.84
1/28/15,44.08
1/29/15,44.12
1/30/15,47.79
2/2/15,49.25
2/3/15,53.04
2/4/15,48.45
2/5/15,50.48
2/6/15,51.66
2/9/15,52.99
2/10/15,50.06
2/11/15,48.8
2/12/15,51.17
2/13/15,52.66
2/16/15,
2/17/15,53.56
2/18/15,52.13
2/19/15,51.12
2/20/15,49.95
2/23/15,49.56
2/24/15,48.48
2/25/15,50.25
2/26/15,47.65
2/27/15,49.84
3/2/15,49.59
3/3/15,50.43
3/4/15,51.53
3/5/15,50.76
3/6/15,49.61
3/9/15,49.95
3/10/15,48.42
3/11/15,48.06
3/12/15,47.12
3/13/15,44.88
3/16/15,43.93
3/17/15,43.39
3/18/15,44.63
3/19/15,44.02
3/20/15,46
3/23/15,47.4
3/24/15,47.03
3/25/15,48.75
3/26/15,51.41
3/27/15,48.83
3/30/15,48.66
3/31/15,47.72
4/1/15,50.12
4/2/15,49.13
4/6/15,52.08
4/7/15,53.95
4/8/15,50.44
4/9/15,50.79
4/10/15,51.63
4/13/15,51.95
4/14/15,53.3
4/15/15,56.25
4/16/15,56.69
4/17/15,55.71
4/20/15,56.37
4/21/15,55.58
4/22/15,56.17
4/23/15,56.59
4/24/15,55.98
4/27/15,55.56
4/28/15,57.05
4/29/15,58.55
4/30/15,59.62
5/1/15,59.1
5/4/15,58.92
5/5/15,60.38
5/6/15,60.93
5/7/15,58.99
5/8/15,59.41
5/11/15,59.23
5/12/15,60.72
5/13/15,60.5
5/14/15,59.89
5/15/15,59.73
5/18/15,59.44
5/19/15,57.3
5/20/15,58.96
5/21/15,60.18
5/22/15,58.88
5/26/15,57.29
5/27/15,57.51
5/28/15,57.69
5/29/15,60.25
6/1/15,60.24
6/2/15,61.3
6/3/15,59.67
6/4/15,58
6/5/15,59.11
6/8/15,58.15
6/9/15,60.15
6/10/15,61.36
6/11/15,60.74
6/12/15,59.96
6/15/15,59.53
6/16/15,60.01
6/17/15,59.89
6/18/15,60.41
6/19/15,59.62
6/22/15,60.01
6/23/15,61.05
6/24/15,60.01
6/25/15,59.59
6/26/15,59.41
6/29/15,58.34
6/30/15,59.48
7/1/15,56.94
7/2/15,56.93
7/3/15,
7/6/15,52.48
7/7/15,52.33
7/8/15,51.61
7/9/15,52.76
7/10/15,52.74
7/13/15,52.19
7/14/15,53.05
7/15/15,51.4
7/16/15,50.9
7/17/15,50.88
7/20/15,50.11
7/21/15,50.59
7/22/15,49.27
7/23/15,48.11
7/24/15,47.98
7/27/15,47.17
7/28/15,47.97
7/29/15,48.77
7/30/15,48.53
7/31/15,47.11
8/3/15,45.25
8/4/15,45.75
8/5/15,45.13
8/6/15,44.69
8/7/15,43.87
8/10/15,44.94
8/11/15,43.11
8/12/15,43.22
8/13/15,42.27
8/14/15,42.45
8/17/15,41.93
8/18/15,42.58
8/19/15,40.75
8/20/15,41
8/21/15,40.45
8/24/15,38.22
8/25/15,39.15
8/26/15,38.5
8/27/15,42.47
8/28/15,45.29
8/31/15,49.2
9/1/15,45.38
9/2/15,46.3
9/3/15,46.75
9/4/15,46.02
9/7/15,
9/8/15,45.92
9/9/15,44.13
9/10/15,45.85
9/11/15,44.75
9/14/15,44.07
9/15/15,44.58
9/16/15,47.12
9/17/15,46.93
9/18/15,44.71
9/21/15,46.67
9/22/15,46.17
9/23/15,44.53
9/24/15,44.94
9/25/15,45.55
9/28/15,44.4
9/29/15,45.24
9/30/15,45.06
10/1/15,44.75
10/2/15,45.54
10/5/15,46.28
10/6/15,48.53
10/7/15,47.86
10/8/15,49.46
10/9/15,49.67
10/12/15,47.09
10/13/15,46.7
10/14/15,46.63
10/15/15,46.38
10/16/15,47.3
10/19/15,45.91
10/20/15,45.84
10/21/15,45.22
10/22/15,44.9
10/23/15,43.91
10/26/15,43.19
10/27/15,43.21
10/28/15,45.93
10/29/15,46.02
10/30/15,46.6
11/2/15,46.12
11/3/15,47.88
11/4/15,46.32
11/5/15,45.27
11/6/15,44.32
11/9/15,43.87
11/10/15,44.23
11/11/15,42.95
11/12/15,41.74
11/13/15,40.69
11/16/15,41.68
11/17/15,40.73
11/18/15,40.75
11/19/15,40.55
11/20/15,39.39
11/23/15,39.27
11/24/15,40.89
11/25/15,41.22
11/26/15,
11/27/15,40.57
11/30/15,40.43
12/1/15,40.58
12/2/15,39.93
12/3/15,41.08
12/4/15,40
12/7/15,37.64
12/8/15,37.46
12/9/15,37.16
12/10/15,36.76
12/11/15,35.65
12/14/15,36.31
12/15/15,37.32
12/16/15,35.55
12/17/15,34.98
12/18/15,34.72
12/21/15,34.55
12/22/15,36.12
12/23/15,36.76
12/24/15,37.62
12/28/15,36.36
12/29/15,37.88
12/30/15,36.59
12/31/15,37.13
1/4/16,36.81
1/5/16,35.97
1/6/16,33.97
1/7/16,33.29
1/8/16,33.2
1/11/16,31.42
1/12/16,30.42
1/13/16,30.42
1/14/16,31.22
1/15/16,29.45
1/18/16,
1/19/16,28.47
1/20/16,26.68
1/21/16,29.55
1/22/16,32.07
1/25/16,30.31
1/26/16,29.54
1/27/16,32.32
1/28/16,33.21
1/29/16,33.66
2/1/16,31.62
2/2/16,29.9
2/3/16,32.29
2/4/16,31.63
2/5/16,30.86
2/8/16,29.71
2/9/16,27.96
2/10/16,27.54
2/11/16,26.19
2/12/16,29.32
2/16/16,29.05
2/17/16,30.68
2/18/16,30.77
2/19/16,29.59
2/22/16,31.37
2/23/16,31.84
2/24/16,30.35
2/25/16,31.4
2/26/16,31.65
2/29/16,32.74
3/1/16,34.39
3/2/16,34.57
3/3/16,34.56
3/4/16,35.91
3/7/16,37.9
3/8/16,36.67
3/9/16,37.62
3/10/16,37.77
3/11/16,38.51
3/14/16,37.2
3/15/16,36.32
3/16/16,38.43
3/17/16,40.17
3/18/16,39.47
3/21/16,39.91
3/22/16,41.45
3/23/16,38.28
3/24/16,38.14
3/28/16,37.99
3/29/16,36.91
3/30/16,36.91
3/31/16,36.94
4/1/16,35.36
4/4/16,34.3
4/5/16,34.52
4/6/16,37.74
4/7/16,37.3
4/8/16,39.74
4/11/16,40.46
4/12/16,42.12
4/13/16,41.7
4/14/16,41.45
4/15/16,40.4
4/18/16,39.74
4/19/16,40.88
4/20/16,42.72
4/21/16,43.18
4/22/16,42.76
4/25/16,41.67
4/26/16,42.52
4/27/16,45.29
4/28/16,46.03
4/29/16,45.98
5/2/16,44.75
5/3/16,43.65
5/4/16,43.77
5/5/16,44.33
5/6/16,44.58
5/9/16,43.45
5/10/16,44.68
5/11/16,46.21
5/12/16,46.64
5/13/16,46.22
5/16/16,47.72
5/17/16,48.29
5/18/16,48.12
5/19/16,48.16
5/20/16,47.67
5/23/16,48.12
5/24/16,48.04
5/25/16,49.1
5/26/16,49
5/27/16,49.36
5/31/16,49.1
6/1/16,49.07
6/2/16,49.14
6/3/16,48.69
6/6/16,49.71
6/7/16,50.37
6/8/16,51.23
6/9/16,50.52
6/10/16,49.09
6/13/16,48.89
6/14/16,48.49
6/15/16,47.92
6/16/16,46.14
6/17/16,48
6/20/16,49.4
6/21/16,48.95
6/22/16,49.16
6/23/16,49.34
6/24/16,46.7
6/27/16,45.8
6/28/16,47.93
6/29/16,49.85
6/30/16,48.27
7/1/16,49.02
7/4/16,
7/5/16,46.73
7/6/16,47.37
7/7/16,45.22
7/8/16,45.37
7/11/16,44.73
7/12/16,46.82
7/13/16,44.87
7/14/16,45.64
7/15/16,45.93
7/18/16,45.23
7/19/16,44.64
7/20/16,44.96
7/21/16,43.96
7/22/16,43.41
7/25/16,42.4
7/26/16,42.16
7/27/16,41.9
7/28/16,41.13
7/29/16,41.54
8/1/16,40.05
8/2/16,39.5
8/3/16,40.8
8/4/16,41.92
8/5/16,41.83
8/8/16,43.06
8/9/16,42.78
8/10/16,41.75
8/11/16,43.51
8/12/16,44.47
8/15/16,45.72
8/16/16,46.57
8/17/16,46.81
8/18/16,48.2
8/19/16,48.48
8/22/16,46.8
8/23/16,47.54
8/24/16,46.29
8/25/16,46.97
8/26/16,47.64
8/29/16,46.97
8/30/16,46.32
8/31/16,44.68
9/1/16,43.17
9/2/16,44.39
9/5/16,
9/6/16,44.85
9/7/16,45.47
9/8/16,47.63
9/9/16,45.88
9/12/16,46.28
9/13/16,44.91
9/14/16,43.62
9/15/16,43.85
9/16/16,43.04
9/19/16,43.34
9/20/16,43.85
9/21/16,45.33
9/22/16,46.1
9/23/16,44.36
9/26/16,45.6
9/27/16,44.65
9/28/16,47.07
9/29/16,47.72
9/30/16,47.72
10/3/16,48.8
10/4/16,48.67
10/5/16,49.75
10/6/16,50.44
10/7/16,49.76
10/10/16,49.76
10/11/16,50.72
10/12/16,50.14
10/13/16,50.47
10/14/16,50.35
10/17/16,49.97
10/18/16,50.3
10/19/16,51.59
10/20/16,50.31
10/21/16,50.61
10/24/16,50.18
10/25/16,49.45
10/26/16,48.75
10/27/16,49.71
10/28/16,48.72
10/31/16,46.83
11/1/16,46.66
11/2/16,45.32
11/3/16,44.66
11/4/16,44.07
11/7/16,44.88
11/8/16,44.96
11/9/16,45.2
11/10/16,44.62
11/11/16,43.39
11/14/16,43.29
11/15/16,45.86
11/16/16,45.56
11/17/16,45.37
11/18/16,45.69
11/21/16,47.48
11/22/16,48.07
11/23/16,46.72
11/24/16,
11/25/16,46.72
11/28/16,45.66
11/29/16,45.29
11/30/16,49.41
12/1/16,51.08
12/2/16,51.7
12/5/16,51.72
12/6/16,50.95
12/7/16,49.85
12/8/16,50.84
12/9/16,51.51
12/12/16,52.74
12/13/16,52.99
12/14/16,51.01
12/15/16,50.9
12/16/16,51.93
12/19/16,52.13
12/20/16,52.22
12/21/16,51.44
12/22/16,51.98
12/23/16,52.01
12/27/16,52.82
12/28/16,54.01
12/29/16,53.8
12/30/16,53.75
1/3/17,52.36
1/4/17,53.26
1/5/17,53.77
1/6/17,53.98
1/9/17,51.95
1/10/17,50.82
1/11/17,52.19
1/12/17,53.01
1/13/17,52.36
1/16/17,
1/17/17,52.45
1/18/17,51.12
1/19/17,51.39
1/20/17,52.33
1/23/17,52.77
1/24/17,52.38
1/25/17,52.14
1/26/17,53.24
1/27/17,53.18
1/30/17,52.63
1/31/17,52.75
2/1/17,53.9
2/2/17,53.55
2/3/17,53.81
2/6/17,53.01
2/7/17,52.19
2/8/17,52.37
2/9/17,52.99
2/10/17,53.84
2/13/17,52.96
2/14/17,53.21
2/15/17,53.11
2/16/17,53.41
2/17/17,53.41
2/20/17,
2/21/17,54.02
2/22/17,53.61
2/23/17,54.48
2/24/17,53.99
2/27/17,54.04
2/28/17,54