Date,Adj Close
1/4/2007,2067.09
1/5/2007,2072.88
1/8/2007,2131.56
1/9/2007,2200.09
1/10/2007,2255.97
1/11/2007,2231.63
1/12/2007,2173.75
1/15/2007,2287.34
1/16/2007,2353.87
1/17/2007,2308.93
1/18/2007,2317.09
1/19/2007,2396.09
1/22/2007,2491.31
1/23/2007,2508.13
1/24/2007,2536.43
1/25/2007,2452.83
1/26/2007,2512.92
1/29/2007,2576.92
1/30/2007,2551.88
1/31/2007,2385.33
2/1/2007,2395.17
2/2/2007,2298
2/5/2007,2271.8
2/6/2007,2316.04
2/7/2007,2369.79
2/8/2007,2410.6
2/9/2007,2397.25
2/12/2007,2485.39
2/13/2007,2522.63
2/14/2007,2588.35
2/15/2007,2668.63
2/16/2007,2676.74
2/26/2007,2707.68
2/27/2007,2457.49
2/28/2007,2544.57
3/1/2007,2473.54
3/2/2007,2508.73
3/5/2007,2475.61
3/6/2007,2520.29
3/7/2007,2589.44
3/8/2007,2627.63
3/9/2007,2611.39
3/12/2007,2616.17
3/13/2007,2640.17
3/14/2007,2597.36
3/15/2007,2645.55
3/16/2007,2604.23
3/19/2007,2659.41
3/20/2007,2672.77
3/21/2007,2702.6
3/22/2007,2711.32
3/23/2007,2716.27
3/26/2007,2764.03
3/27/2007,2784.02
3/28/2007,2797.65
3/29/2007,2783.3
3/30/2007,2781.78
4/2/2007,2850.11
4/3/2007,2888.11
4/4/2007,2911.82
4/5/2007,2945.04
4/6/2007,2972.01
4/9/2007,3038.17
4/10/2007,3081.57
4/11/2007,3121.32
4/12/2007,3176.44
4/13/2007,3169.23
4/16/2007,3256
4/17/2007,3283.6
4/18/2007,3304.5
4/19/2007,3150.3
4/20/2007,3289.28
4/23/2007,3431.32
4/24/2007,3445.2
4/25/2007,3448.28
4/26/2007,3493.58
4/27/2007,3470.52
4/30/2007,3558.71
5/8/2007,3686.03
5/9/2007,3701.28
5/10/2007,3724.51
5/11/2007,3702.61
5/14/2007,3734.42
5/15/2007,3604.64
5/16/2007,3700.29
5/17/2007,3778.6
5/18/2007,3776.63
5/21/2007,3831.44
5/22/2007,3870.49
5/23/2007,3938.95
5/24/2007,3919.75
5/25/2007,3985.25
5/28/2007,4072.58
5/29/2007,4168.29
5/30/2007,3886.46
5/31/2007,3927.95
6/1/2007,3803.95
6/4/2007,3511.43
6/5/2007,3634.63
6/6/2007,3677.58
6/7/2007,3802.3
6/8/2007,3837.87
6/11/2007,3931.86
6/12/2007,4036.11
6/13/2007,4118.27
6/14/2007,4075.82
6/15/2007,4099.38
6/18/2007,4227.57
6/19/2007,4253
6/20/2007,4157.6
6/21/2007,4197.28
6/22/2007,4051.43
6/25/2007,3877.59
6/26/2007,3928.21
6/27/2007,4040.48
6/28/2007,3858.52
6/29/2007,3764.08
7/2/2007,3757.66
7/3/2007,3832.23
7/4/2007,3743.58
7/5/2007,3537.44
7/6/2007,3710.28
7/9/2007,3821.3
7/10/2007,3775.62
7/11/2007,3789.87
7/12/2007,3816.92
7/13/2007,3820.12
7/16/2007,3697.97
7/17/2007,3789.65
7/18/2007,3807.57
7/19/2007,3807
7/20/2007,3971.88
7/23/2007,4156.72
7/24/2007,4161.35
7/25/2007,4255.46
7/26/2007,4303.19
7/27/2007,4307.14
7/30/2007,4410.3
7/31/2007,4460.56
8/1/2007,4290.48
8/2/2007,4436.19
8/3/2007,4598.38
8/6/2007,4703.98
8/7/2007,4724.55
8/8/2007,4668.09
8/9/2007,4777.29
8/10/2007,4726.68
8/13/2007,4721.19
8/14/2007,4795.57
8/15/2007,4798.75
8/16/2007,4721.94
8/17/2007,4626.58
8/20/2007,4885.43
8/21/2007,4972.71
8/22/2007,5051.69
8/23/2007,5135.93
8/24/2007,5217.58
8/27/2007,5243.15
8/28/2007,5251.77
8/29/2007,5171.82
8/30/2007,5241.23
8/31/2007,5296.81
9/3/2007,5419.17
9/4/2007,5360.33
9/5/2007,5363.25
9/6/2007,5412.04
9/7/2007,5294.79
9/10/2007,5377.22
9/11/2007,5124.09
9/12/2007,5202.86
9/13/2007,5349.97
9/14/2007,5397.28
9/17/2007,5498.91
9/18/2007,5476.84
9/19/2007,5419.27
9/20/2007,5494.92
9/21/2007,5468.1
9/24/2007,5513.9
9/25/2007,5454.62
9/26/2007,5361.02
9/27/2007,5427.66
9/28/2007,5580.81
10/1/2007,5580.81
10/2/2007,5580.81
10/3/2007,5580.81
10/4/2007,5580.81
10/5/2007,5580.81
10/8/2007,5653.14
10/9/2007,5675.93
10/10/2007,5685.76
10/11/2007,5760.08
10/12/2007,5737.22
10/15/2007,5821.45
10/16/2007,5877.2
10/17/2007,5824.12
10/18/2007,5615.75
10/19/2007,5614.06
10/22/2007,5472.68
10/23/2007,5540.09
10/24/2007,5588.01
10/25/2007,5333.79
10/26/2007,5394.81
10/29/2007,5508.36
10/30/2007,5596.07
10/31/2007,5688.54
11/1/2007,5605.23
11/2/2007,5472.93
11/5/2007,5360.31
11/6/2007,5317.55
11/7/2007,5350.63
11/8/2007,5093.67
11/9/2007,5040.52
11/12/2007,4978.25
11/13/2007,4939.24
11/14/2007,5145.89
11/15/2007,5081.11
11/16/2007,5007.66
11/19/2007,4994.42
11/20/2007,5069.38
11/21/2007,4997.62
11/22/2007,4772.62
11/23/2007,4856.16
11/26/2007,4800.08
11/27/2007,4711.15
11/28/2007,4648.75
11/29/2007,4842.07
11/30/2007,4737.41
12/3/2007,4772.67
12/4/2007,4829.21
12/5/2007,4965.95
12/6/2007,4971.06
12/7/2007,5041.35
12/10/2007,5133.56
12/11/2007,5140
12/12/2007,5077.39
12/13/2007,4884.3
12/14/2007,4977.65
12/17/2007,4857.29
12/18/2007,4829.91
12/19/2007,4946.29
12/20/2007,5037.19
12/21/2007,5101.85
12/24/2007,5207.13
12/25/2007,5216.81
12/26/2007,5265.03
12/27/2007,5367.53
12/28/2007,5338.27
12/31/2007,5338.27
1/1/2008,5338.27
1/2/2008,5385.1
1/3/2008,5422.03
1/4/2008,5483.65
1/7/2008,5556.59
1/8/2008,5528.05
1/9/2008,5613.76
1/10/2008,5672.15
1/11/2008,5699.15
1/14/2008,5731.76
1/15/2008,5696.45
1/16/2008,5505.72
1/17/2008,5365.62
1/18/2008,5414.47
1/21/2008,5145.73
1/22/2008,4753.87
1/23/2008,4975.11
1/24/2008,5027.21
1/25/2008,5077.43
1/28/2008,4731.88
1/29/2008,4762.08
1/30/2008,4710.65
1/31/2008,4620.4
2/1/2008,4571.94
2/4/2008,4950.12
2/5/2008,4921.83
2/6/2008,4921.83
2/7/2008,4921.83
2/8/2008,4921.83
2/11/2008,4921.83
2/12/2008,4921.83
2/13/2008,4816.08
2/14/2008,4880.25
2/15/2008,4813.31
2/18/2008,4910.99
2/19/2008,5020.75
2/20/2008,4908.72
2/21/2008,4876.03
2/22/2008,4702.24
2/25/2008,4519.78
2/26/2008,4515.53
2/27/2008,4639.77
2/28/2008,4622.06
2/29/2008,4674.55
3/3/2008,4790.74
3/4/2008,4671.15
3/5/2008,4628.72
3/6/2008,4685.03
3/7/2008,4621.69
3/10/2008,4431.59
3/11/2008,4441.18
3/12/2008,4309.65
3/13/2008,4198.96
3/14/2008,4157.87
3/17/2008,3965.28
3/18/2008,3763.95
3/19/2008,3888.86
3/20/2008,4001.83
3/21/2008,4037.83
3/24/2008,3857.09
3/25/2008,3905.77
3/26/2008,3914.37
3/27/2008,3748.92
3/28/2008,3918.16
3/31/2008,3790.53
4/1/2008,3582.85
4/2/2008,3547.98
4/3/2008,3650.7
4/4/2008,3650.7
4/7/2008,3845.82
4/8/2008,3891.06
4/9/2008,3688.12
4/10/2008,3754.72
4/11/2008,3783.73
4/14/2008,3536.33
4/15/2008,3583.3
4/16/2008,3494.02
4/17/2008,3386.63
4/18/2008,3272.5
4/21/2008,3267.55
4/22/2008,3296.28
4/23/2008,3453.73
4/24/2008,3774.5
4/25/2008,3803.07
4/28/2008,3729.15
4/29/2008,3776.94
4/30/2008,3959.12
5/1/2008,3959.12
5/2/2008,3959.12
5/5/2008,4055.78
5/6/2008,4010.89
5/7/2008,3821.32
5/8/2008,3925.04
5/9/2008,3878.92
5/12/2008,3904.92
5/13/2008,3851.69
5/14/2008,3975.78
5/15/2008,3948.09
5/16/2008,3936.12
5/19/2008,3914.07
5/20/2008,3710.82
5/21/2008,3783.05
5/22/2008,3711.44
5/23/2008,3675.15
5/26/2008,3559.22
5/27/2008,3576.2
5/28/2008,3676.23
5/29/2008,3580.87
5/30/2008,3611.33
6/2/2008,3625.83
6/3/2008,3614.11
6/4/2008,3546.92
6/5/2008,3512.14
6/6/2008,3489.5
6/9/2008,3489.5
6/10/2008,3206.56
6/11/2008,3140.3
6/12/2008,3084.63
6/13/2008,2979.12
6/16/2008,2952.24
6/17/2008,2842.68
6/18/2008,2991.27
6/19/2008,2773.08
6/20/2008,2849.67
6/23/2008,2789.94
6/24/2008,2851.92
6/25/2008,2969.54
6/26/2008,2980.91
6/27/2008,2816.02
6/30/2008,2791.82
7/1/2008,2698.35
7/2/2008,2699.6
7/3/2008,2760.61
7/4/2008,2741.85
7/7/2008,2882.76
7/8/2008,2901.84
7/9/2008,3015.13
7/10/2008,2973.73
7/11/2008,2953.5
7/14/2008,2975.87
7/15/2008,2852.98
7/16/2008,2745.6
7/17/2008,2718.07
7/18/2008,2815.46
7/21/2008,2911.05
7/22/2008,2904.74
7/23/2008,2883.32
7/24/2008,2977.36
7/25/2008,2939.2
7/28/2008,2960.85
7/29/2008,2905.63
7/30/2008,2884.38
7/31/2008,2805.21
8/1/2008,2840.79
8/4/2008,2773.15
8/5/2008,2703.08
8/6/2008,2721.69
8/7/2008,2720.44
8/8/2008,2591.46
8/11/2008,2456.81
8/12/2008,2444.16
8/13/2008,2444.67
8/14/2008,2443.51
8/15/2008,2447.61
8/18/2008,2313.4
8/19/2008,2348.47
8/20/2008,2532.94
8/21/2008,2443.98
8/22/2008,2404.93
8/25/2008,2400.55
8/26/2008,2331.53
8/27/2008,2325.29
8/28/2008,2335.86
8/29/2008,2391.64
9/1/2008,2309.17
9/2/2008,2285.41
9/3/2008,2245.96
9/4/2008,2251.15
9/5/2008,2183.43
9/8/2008,2126.52
9/9/2008,2139.15
9/10/2008,2143.18
9/11/2008,2072.13
9/12/2008,2077.85
9/16/2008,2000.65
9/17/2008,1929.14
9/18/2008,1895.99
9/19/2008,2073.11
9/22/2008,2207.61
9/23/2008,2123.48
9/24/2008,2138.85
9/25/2008,2223.53
9/26/2008,2243.66
10/6/2008,2128.7
10/7/2008,2102.45
10/8/2008,2022.88
10/9/2008,1995.3
10/10/2008,1906.96
10/13/2008,1985.49
10/14/2008,1934.62
10/15/2008,1914.36
10/16/2008,1820.9
10/17/2008,1833.26
10/20/2008,1896.73
10/21/2008,1881.41
10/22/2008,1833.32
10/23/2008,1834.78
10/24/2008,1781.6
10/27/2008,1654.67
10/28/2008,1705.82
10/29/2008,1658.22
10/30/2008,1697.66
10/31/2008,1663.66
11/3/2008,1653.54
11/4/2008,1627.76
11/5/2008,1691.42
11/6/2008,1649.78
11/7/2008,1677.83
11/10/2008,1801.67
11/11/2008,1781.36
11/12/2008,1801.82
11/13/2008,1874.08
11/14/2008,1943.65
11/17/2008,1987.22
11/18/2008,1839.82
11/19/2008,1953.16
11/20/2008,1932.43
11/21/2008,1920.73
11/24/2008,1837.64
11/25/2008,1834.29
11/26/2008,1843.49
11/27/2008,1870.47
11/28/2008,1829.92
12/1/2008,1864.2
12/2/2008,1868.63
12/3/2008,1952.67
12/4/2008,1982.93
12/5/2008,2013.18
12/8/2008,2095.04
12/9/2008,2040.85
12/10/2008,2096.39
12/11/2008,2046.34
12/12/2008,1960.38
12/15/2008,1975.03
12/16/2008,1994.45
12/17/2008,2001.42
12/18/2008,2045.1
12/19/2008,2052.11
12/22/2008,2017.55
12/23/2008,1918.95
12/24/2008,1887.07
12/25/2008,1870.77
12/26/2008,1862.1
12/29/2008,1854.76
12/30/2008,1833.44
12/31/2008,1817.72
1/5/2009,1882.96
1/6/2009,1942.8
1/7/2009,1931.18
1/8/2009,1887.99
1/9/2009,1918.36
1/12/2009,1920.69
1/13/2009,1876.19
1/14/2009,1955.24
1/15/2009,1954.87
1/16/2009,1990.21
1/19/2009,2012.46
1/20/2009,2025.19
1/21/2009,2021.71
1/22/2009,2044.55
1/23/2009,2032.68
1/26/2009,2032.68
1/27/2009,2032.68
1/28/2009,2032.68
1/29/2009,2032.68
1/30/2009,2032.68
2/2/2009,2057.06
2/3/2009,2108.91
2/4/2009,2166.41
2/5/2009,2150.97
2/6/2009,2237.28
2/9/2009,2296.67
2/10/2009,2326.75
2/11/2009,2331.14
2/12/2009,2318.34
2/13/2009,2399.06
2/16/2009,2462.25
2/17/2009,2385.29
2/18/2009,2275.84
2/19/2009,2298.41
2/20/2009,2344.32
2/23/2009,2410.48
2/24/2009,2301.85
2/25/2009,2304.25
2/26/2009,2190.19
2/27/2009,2140.49
3/2/2009,2164.67
3/3/2009,2142.15
3/4/2009,2285.15
3/5/2009,2304.92
3/6/2009,2286.58
3/9/2009,2202.53
3/10/2009,2240.78
3/11/2009,2220.38
3/12/2009,2215.7
3/13/2009,2205.42
3/16/2009,2241.61
3/17/2009,2322.4
3/18/2009,2332.65
3/19/2009,2382.56
3/20/2009,2379.84
3/23/2009,2439.4
3/24/2009,2451.78
3/25/2009,2401.33
3/26/2009,2479.79
3/27/2009,2498.93
3/30/2009,2484.49
3/31/2009,2507.79
4/1/2009,2548.22
4/2/2009,2576.4
4/3/2009,2570.5
4/6/2009,2570.5
4/7/2009,2576.95
4/8/2009,2479.35
4/9/2009,2517.67
4/10/2009,2595.53
4/13/2009,2656.52
4/14/2009,2676.87
4/15/2009,2686.99
4/16/2009,2687.11
4/17/2009,2650.69
4/20/2009,2707.67
4/21/2009,2675.44
4/22/2009,2576.28
4/23/2009,2593.56
4/24/2009,2572.89
4/27/2009,2513.29
4/28/2009,2518.53
4/29/2009,2605.37
4/30/2009,2622.93
5/1/2009,2622.93
5/4/2009,2714.3
5/5/2009,2727.01
5/6/2009,2764.98
5/7/2009,2767.08
5/8/2009,2789.22
5/11/2009,2725.32
5/12/2009,2788.56
5/13/2009,2814
5/14/2009,2792.6
5/15/2009,2796.12
5/18/2009,2810.57
5/19/2009,2840.08
5/20/2009,2812.86
5/21/2009,2750.01
5/22/2009,2740.68
5/25/2009,2752.72
5/26/2009,2719.76
5/27/2009,2759.71
5/28/2009,2759.71
5/29/2009,2759.71
6/1/2009,2858.34
6/2/2009,2865.1
6/3/2009,2939.39
6/4/2009,2953.75
6/5/2009,2939.31
6/8/2009,2948.48
6/9/2009,2960.56
6/10/2009,2989.59
6/11/2009,2961.63
6/12/2009,2906.29
6/15/2009,2966.19
6/16/2009,2961.22
6/17/2009,3010.59
6/18/2009,3057.43
6/19/2009,3080
6/22/2009,3082.56
6/23/2009,3083.9
6/24/2009,3120.73
6/25/2009,3117.92
6/26/2009,3128.42
6/29/2009,3179.97
6/30/2009,3166.47
7/1/2009,3237.9
7/2/2009,3282.36
7/3/2009,3327.14
7/6/2009,3374.75
7/7/2009,3340.49
7/8/2009,3352.27
7/9/2009,3396.3
7/10/2009,3398.31
7/13/2009,3361.01
7/14/2009,3454.75
7/15/2009,3493.3
7/16/2009,3501.24
7/17/2009,3519.81
7/20/2009,3591.12
7/21/2009,3539.83
7/22/2009,3606.92
7/23/2009,3651.97
7/24/2009,3667.56
7/27/2009,3743.63
7/28/2009,3755.82
7/29/2009,3558.51
7/30/2009,3634.82
7/31/2009,3734.62
8/3/2009,3787.03
8/4/2009,3786.61
8/5/2009,3740.94
8/6/2009,3663.12
8/7/2009,3555.09
8/10/2009,3544.54
8/11/2009,3556.38
8/12/2009,3397.4
8/13/2009,3440.82
8/14/2009,3344.46
8/17/2009,3140.27
8/18/2009,3171.99
8/19/2009,3014.57
8/20/2009,3144.39
8/21/2009,3203.62
8/24/2009,3229.6
8/25/2009,3109.83
8/26/2009,3172.39
8/27/2009,3156.3
8/28/2009,3046.78
8/31/2009,2830.27
9/1/2009,2843.7
9/2/2009,2890.93
9/3/2009,3051.96
9/4/2009,3077.14
9/7/2009,3104.21
9/8/2009,3170.97
9/9/2009,3194.91
9/10/2009,3162.91
9/11/2009,3238.13
9/14/2009,3293.39
9/15/2009,3302.64
9/16/2009,3258.24
9/17/2009,3320.1
9/18/2009,3199.69
9/21/2009,3208.6
9/22/2009,3131.03
9/23/2009,3060.07
9/24/2009,3080.93
9/25/2009,3058.53
9/28/2009,2972.64
9/29/2009,2972.29
9/30/2009,3004.8
10/1/2009,3004.8
10/2/2009,3004.8
10/5/2009,3004.8
10/6/2009,3004.8
10/7/2009,3004.8
10/8/2009,3062.84
10/9/2009,3163.71
10/12/2009,3151.63
10/13/2009,3198.52
10/14/2009,3227.4
10/15/2009,3239.64
10/16/2009,3241.71
10/19/2009,3329.16
10/20/2009,3377.57
10/21/2009,3369.28
10/22/2009,3347.32
10/23/2009,3413.25
10/26/2009,3414.24
10/27/2009,3314.72
10/28/2009,3329.33
10/29/2009,3247.05
10/30/2009,3280.37
11/2/2009,3392.8
11/3/2009,3435.43
11/4/2009,3453.89
11/5/2009,3464.32
11/6/2009,3483.02
11/9/2009,3495.79
11/10/2009,3503.78
11/11/2009,3495.67
11/12/2009,3499.99
11/13/2009,3518.72
11/16/2009,3625.8
11/17/2009,3628.35
11/18/2009,3630.23
11/19/2009,3642.44
11/20/2009,3631.01
11/23/2009,3665.51
11/24/2009,3548.08
11/25/2009,3629.63
11/26/2009,3485.77
11/27/2009,3382.51
11/30/2009,3511.67
12/1/2009,3560.83
12/2/2009,3597.33
12/3/2009,3590.88
12/4/2009,3643.49
12/7/2009,3668.83
12/8/2009,3624.02
12/9/2009,3554.48
12/10/2009,3577.24
12/11/2009,3575.02
12/14/2009,3612.75
12/15/2009,3583.34
12/16/2009,3560.72
12/17/2009,3480.15
12/18/2009,3391.74
12/21/2009,3396.62
12/22/2009,3305.54
12/23/2009,3336.48
12/24/2009,3438.82
12/25/2009,3424.78
12/28/2009,3478.43
12/29/2009,3500.74
12/30/2009,3558.86
12/31/2009,3575.68
1/4/2010,3535.23
1/5/2010,3564.04
1/6/2010,3541.73
1/7/2010,3471.46
1/8/2010,3480.13
1/11/2010,3482.05
1/12/2010,3534.92
1/13/2010,3421.14
1/14/2010,3469.05
1/15/2010,3482.74
1/18/2010,3500.68
1/19/2010,3507.48
1/20/2010,3394.43
1/21/2010,3408.57
1/22/2010,3366.2
1/25/2010,3328.01
1/26/2010,3242.8
1/27/2010,3198.57
1/28/2010,3206.57
1/29/2010,3204.16
2/1/2010,3152.71
2/2/2010,3146.19
2/3/2010,3230.72
2/4/2010,3218.8
2/5/2010,3153.09
2/8/2010,3150.99
2/9/2010,3169.19
2/10/2010,3214.13
2/11/2010,3220.4
2/12/2010,3251.28
2/15/2010,3251.28
2/16/2010,3251.28
2/17/2010,3251.28
2/18/2010,3251.28
2/22/2010,3233.34
2/23/2010,3198.63
2/24/2010,3244.48
2/25/2010,3292.13
2/26/2010,3281.67
3/1/2010,3324.42
3/2/2010,3311.24
3/3/2010,3335.08
3/4/2010,3250.57
3/5/2010,3259.76
3/8/2010,3286.18
3/9/2010,3305.86
3/10/2010,3279.69
3/11/2010,3276.71
3/12/2010,3233.13
3/15/2010,3183.18
3/16/2010,3203.97
3/17/2010,3273.92
3/18/2010,3267.55
3/19/2010,3293.87
3/22/2010,3302.63
3/23/2010,3275.57
3/24/2010,3276.67
3/25/2010,3229.13
3/26/2010,3275
3/29/2010,3358.54
3/30/2010,3366.71
3/31/2010,3345.61
4/1/2010,3391.94
4/2/2010,3407.35
4/6/2010,3405.15
4/7/2010,3386.95
4/8/2010,3346.74
4/9/2010,3379.17
4/12/2010,3351.48
4/13/2010,3391.72
4/14/2010,3403.71
4/15/2010,3394.57
4/16/2010,3356.33
4/19/2010,3176.42
4/20/2010,3173.37
4/21/2010,3236.68
4/22/2010,3201.54
4/23/2010,3190
4/26/2010,3172
4/27/2010,3108.41
4/28/2010,3097.35
4/29/2010,3060.06
4/30/2010,3067.36
5/4/2010,3019.45
5/5/2010,3036.39
5/6/2010,2896.86
5/7/2010,2836.79
5/10/2010,2858.23
5/11/2010,2800.82
5/12/2010,2818.16
5/13/2010,2886.91
5/14/2010,2868.02
5/17/2010,2714.72
5/18/2010,2771.35
5/19/2010,2762.17
5/20/2010,2726.02
5/21/2010,2768.79
5/24/2010,2873.47
5/25/2010,2813.94
5/26/2010,2813.94
5/27/2010,2859.98
5/28/2010,2850.3
5/31/2010,2773.26
6/1/2010,2744.16
6/2/2010,2757.53
6/3/2010,2736.08
6/4/2010,2744.39
6/7/2010,2695.72
6/8/2010,2699.34
6/9/2010,2782.13
6/10/2010,2750.02
6/11/2010,2758.87
6/17/2010,2742.73
6/18/2010,2696.17
6/21/2010,2780.66
6/22/2010,2783.72
6/23/2010,2758.5
6/24/2010,2757.5
6/25/2010,2736.29
6/28/2010,2716.78
6/29/2010,2592.02
6/30/2010,2563.07
7/1/2010,2526.07
7/2/2010,2534.1
7/5/2010,2512.65
7/6/2010,2562.9
7/7/2010,2580.48
7/8/2010,2575.92
7/9/2010,2647.1
7/12/2010,2676.22
7/13/2010,2634.59
7/14/2010,2653.61
7/15/2010,2608.52
7/16/2010,2616.13
7/19/2010,2682.47
7/20/2010,2741.5
7/21/2010,2747.33
7/22/2010,2781.29
7/23/2010,2793.08
7/26/2010,2811.05
7/27/2010,2795.72
7/28/2010,2863.72
7/29/2010,2877.98
7/30/2010,2868.85
8/2/2010,2917.27
8/3/2010,2865.97
8/4/2010,2876.43
8/5/2010,2850.83
8/6/2010,2897.66
8/9/2010,2918.24
8/10/2010,2832.64
8/11/2010,2850.21
8/12/2010,2816.39
8/13/2010,2855.55
8/16/2010,2922.08
8/17/2010,2942.29
8/18/2010,2937.36
8/19/2010,2955.4
8/20/2010,2898.33
8/23/2010,2896.19
8/24/2010,2911.83
8/25/2010,2843.02
8/26/2010,2850.09
8/27/2010,2858.57
8/30/2010,2915.01
8/31/2010,2903.19
9/1/2010,2884.04
9/2/2010,2921.39
9/3/2010,2920.21
9/6/2010,2975.09
9/7/2010,2983.11
9/8/2010,2980.97
9/9/2010,2926.46
9/10/2010,2932.55
9/13/2010,2962.32
9/14/2010,2965.01
9/15/2010,2913.19
9/16/2010,2857.79
9/17/2010,2861.37
9/20/2010,2849.83
9/21/2010,2857.48
9/27/2010,2905.03
9/28/2010,2880.91
9/29/2010,2874.81
9/30/2010,2935.57
10/8/2010,3044.23
10/11/2010,3132.9
10/12/2010,3172.73
10/13/2010,3217.58
10/14/2010,3224.14
10/15/2010,3327.68
10/18/2010,3306.16
10/19/2010,3375.67
10/20/2010,3396.88
10/21/2010,3374.69
10/22/2010,3378.66
10/25/2010,3481.08
10/26/2010,3466.08
10/27/2010,3403.87
10/28/2010,3397.69
10/29/2010,3379.98
11/1/2010,3473
11/2/2010,3463.13
11/3/2010,3420.34
11/4/2010,3480.5
11/5/2010,3520.8
11/8/2010,3548.57
11/9/2010,3523.95
11/10/2010,3499.11
11/11/2010,3509.98
11/12/2010,3291.83
11/15/2010,3314.89
11/16/2010,3169.54
11/17/2010,3103.91
11/18/2010,3147.96
11/19/2010,3178.85
11/22/2010,3171.94
11/23/2010,3107.18
11/24/2010,3177.04
11/25/2010,3223.48
11/26/2010,3194.85
11/29/2010,3190.05
11/30/2010,3136.99
12/1/2010,3136.02
12/2/2010,3155.06
12/3/2010,3158.16
12/6/2010,3165.57
12/7/2010,3200.34
12/8/2010,3171.88
12/9/2010,3123.37
12/10/2010,3161.98
12/13/2010,3261.06
12/14/2010,3269.47
12/15/2010,3247.64
12/16/2010,3230.67
12/17/2010,3225.66
12/20/2010,3178.66
12/21/2010,3249.51
12/22/2010,3215.45
12/23/2010,3188.61
12/24/2010,3162.96
12/27/2010,3099.71
12/28/2010,3044.93
12/29/2010,3061.83
12/30/2010,3064.1
12/31/2010,3128.26
1/4/2011,3189.68
1/5/2011,3175.66
1/6/2011,3159.64
1/7/2011,3166.62
1/10/2011,3108.19
1/11/2011,3124.92
1/12/2011,3142.34
1/13/2011,3141.28
1/14/2011,3091.86
1/17/2011,2974.35
1/18/2011,2977.65
1/19/2011,3044.85
1/20/2011,2944.71
1/21/2011,2983.46
1/24/2011,2954.23
1/25/2011,2938.65
1/26/2011,2978.43
1/27/2011,3026.47
1/28/2011,3036.74
1/31/2011,3076.51
2/1/2011,3077.28
2/9/2011,3040.95
2/10/2011,3104.16
2/11/2011,3120.96
2/14/2011,3219.14
2/15/2011,3217.67
2/16/2011,3248.53
2/17/2011,3245.91
2/18/2011,3211.88
2/21/2011,3257.91
2/22/2011,3163.58
2/23/2011,3174.74
2/24/2011,3190.94
2/25/2011,3197.62
2/28/2011,3239.56
3/1/2011,3254.89
3/2/2011,3243.3
3/3/2011,3221.72
3/4/2011,3270.67
3/7/2011,3334.51
3/8/2011,3337.46
3/9/2011,3338.86
3/10/2011,3280.26
3/11/2011,3247.38
3/14/2011,3262.92
3/15/2011,3203.96
3/16/2011,3248.2
3/17/2011,3197.1
3/18/2011,3215.69
3/21/2011,3207.11
3/22/2011,3222.96
3/23/2011,3264.93
3/24/2011,3251.36
3/25/2011,3294.48
3/28/2011,3290.57
3/29/2011,3257.98
3/30/2011,3256.08
3/31/2011,3223.29
4/1/2011,3272.73
4/6/2011,3311.07
4/7/2011,3324.42
4/8/2011,3353.36
4/11/2011,3333.43
4/12/2011,3326.77
4/13/2011,3372.03
4/14/2011,3353.56
4/15/2011,3358.94
4/18/2011,3358.89
4/19/2011,3295.81
4/20/2011,3295.76
4/21/2011,3317.37
4/22/2011,3299.94
4/25/2011,3249.57
4/26/2011,3230.96
4/27/2011,3209.5
4/28/2011,3161.78
4/29/2011,3192.72
5/3/2011,3211.13
5/4/2011,3129.03
5/5/2011,3126.12
5/6/2011,3121.4
5/9/2011,3129.76
5/10/2011,3153.22
5/11/2011,3145.08
5/12/2011,3101.6
5/13/2011,3128.09
5/16/2011,3100.46
5/17/2011,3116.03
5/18/2011,3139.38
5/19/2011,3120.64
5/20/2011,3121.6
5/23/2011,3022.98
5/24/2011,3026.22
5/25/2011,2990.34
5/26/2011,2978.38
5/27/2011,2963.31
5/30/2011,2954.51
5/31/2011,3001.56
6/1/2011,3004.17
6/2/2011,2955.71
6/3/2011,2986.35
6/7/2011,3004.26
6/8/2011,3008.65
6/9/2011,2951.89
6/10/2011,2961.93
6/13/2011,2950.35
6/14/2011,2993.56
6/15/2011,2963.12
6/16/2011,2917.58
6/17/2011,2892.16
6/20/2011,2874.9
6/21/2011,2909.07
6/22/2011,2908.58
6/23/2011,2957.63
6/24/2011,3027.47
6/27/2011,3036.49
6/28/2011,3041.73
6/29/2011,3000.17
6/30/2011,3044.09
7/1/2011,3049.75
7/4/2011,3121.98
7/5/2011,3122.5
7/6/2011,3113.71
7/7/2011,3101.68
7/8/2011,3109.18
7/11/2011,3113.21
7/12/2011,3056.91
7/13/2011,3106.25
7/14/2011,3115.75
7/15/2011,3128.89
7/18/2011,3122.6
7/19/2011,3095.12
7/20/2011,3091.57
7/21/2011,3059.14
7/22/2011,3067.99
7/25/2011,2968.29
7/26/2011,2977.77
7/27/2011,3000.05
7/28/2011,2981
7/29/2011,2972.08
8/1/2011,2977.07
8/2/2011,2956.38
8/3/2011,2954.87
8/4/2011,2960.31
8/5/2011,2897.42
8/8/2011,2793.9
8/9/2011,2798.19
8/10/2011,2824.12
8/11/2011,2866.92
8/12/2011,2875.36
8/15/2011,2917.88
8/16/2011,2897.58
8/17/2011,2886.01
8/18/2011,2834.25
8/19/2011,2807.66
8/22/2011,2777.79
8/23/2011,2821
8/24/2011,2810.02
8/25/2011,2903.84
8/26/2011,2901.22
8/29/2011,2852.81
8/30/2011,2841.74
8/31/2011,2846.78
9/1/2011,2834.53
9/2/2011,2803.85
9/5/2011,2743.82
9/6/2011,2723.3
9/7/2011,2779.09
9/8/2011,2756.1
9/9/2011,2751.09
9/13/2011,2720.28
9/14/2011,2733.11
9/15/2011,2729.05
9/16/2011,2733.99
9/19/2011,2679.27
9/20/2011,2689.84
9/21/2011,2771.01
9/22/2011,2685.69
9/23/2011,2669.48
9/26/2011,2610.92
9/27/2011,2637.88
9/28/2011,2610.59
9/29/2011,2588.19
9/30/2011,2581.35
10/10/2011,2557.08
10/11/2011,2551.99
10/12/2011,2644.76
10/13/2011,2662.6
10/14/2011,2653.78
10/17/2011,2666.95
10/18/2011,2592.21
10/19/2011,2582.51
10/20/2011,2520.53
10/21/2011,2507.88
10/24/2011,2576.67
10/25/2011,2625.43
10/26/2011,2651.65
10/27/2011,2657.48
10/28/2011,2709.02
10/31/2011,2695.31
11/1/2011,2697.53
11/2/2011,2742.39
11/3/2011,2744.3
11/4/2011,2763.75
11/7/2011,2736.25
11/8/2011,2727.71
11/9/2011,2751.65
11/10/2011,2699.59
11/11/2011,2695
11/14/2011,2750.2
11/15/2011,2744.68
11/16/2011,2670.12
11/17/2011,2662.02
11/18/2011,2606.5
11/21/2011,2609.69
11/22/2011,2609.48
11/23/2011,2584.01
11/24/2011,2588.92
11/25/2011,2569.97
11/28/2011,2573.32
11/29/2011,2608.57
11/30/2011,2521.52
12/1/2011,2583.61
12/2/2011,2557.31
12/5/2011,2521.39
12/6/2011,2516.34
12/7/2011,2528.23
12/8/2011,2525
12/9/2011,2503.46
12/12/2011,2477.69
12/13/2011,2421.93
12/14/2011,2397.48
12/15/2011,2340.79
12/16/2011,2390.13
12/19/2011,2384.41
12/20/2011,2377.07
12/21/2011,2339.11
12/22/2011,2341.33
12/23/2011,2359.16
12/26/2011,2335.7
12/27/2011,2305.03
12/28/2011,2307.93
12/29/2011,2311.36
12/30/2011,2345.74
1/2/2012,2345.74
1/3/2012,2345.74
1/4/2012,2298.75
1/5/2012,2276.39
1/6/2012,2290.6
1/9/2012,2368.57
1/10/2012,2447.35
1/11/2012,2435.61
1/12/2012,2435.22
1/13/2012,2394.33
1/16/2012,2345.65
1/17/2012,2460.6
1/18/2012,2422.19
1/19/2012,2468.35
1/20/2012,2504.09
1/23/2012,2504.09
1/24/2012,2504.09
1/25/2012,2504.09
1/26/2012,2504.09
1/27/2012,2504.09
1/30/2012,2460.72
1/31/2012,2464.26
2/1/2012,2428.99
2/2/2012,2486.24
2/3/2012,2506.09
2/6/2012,2504.32
2/7/2012,2457.95
2/8/2012,2528.24
2/9/2012,2529.23
2/10/2012,2533.62
2/13/2012,2531.98
2/14/2012,2522.11
2/15/2012,2549.61
2/16/2012,2536.07
2/17/2012,2537.09
2/20/2012,2540.71
2/21/2012,2562.45
2/22/2012,2597.48
2/23/2012,2606.26
2/24/2012,2648.02
2/27/2012,2656.57
2/28/2012,2662.46
2/29/2012,2634.14
3/1/2012,2633.34
3/2/2012,2679.93
3/5/2012,2662.7
3/6/2012,2621.05
3/7/2012,2603
3/8/2012,2635.79
3/9/2012,2664.3
3/12/2012,2654.4
3/13/2012,2681.07
3/14/2012,2605.11
3/15/2012,2585.55
3/16/2012,2623.52
3/19/2012,2630.01
3/20/2012,2584.45
3/21/2012,2587.79
3/22/2012,2583.75
3/23/2012,2552.94
3/26/2012,2555.44
3/27/2012,2547.14
3/28/2012,2474.9
3/29/2012,2443.12
3/30/2012,2454.9
4/2/2012,2454.9
4/3/2012,2454.9
4/4/2012,2454.9
4/5/2012,2512.83
4/6/2012,2519.83
4/9/2012,2495.15
4/10/2012,2519.79
4/11/2012,2520.04
4/12/2012,2570.44
4/13/2012,2580.45
4/16/2012,2574.04
4/17/2012,2541.88
4/18/2012,2599.91
4/19/2012,2596.06
4/20/2012,2626.84
4/23/2012,2606.04
4/24/2012,2604.87
4/25/2012,2625.99
4/26/2012,2631.49
4/27/2012,2626.16
4/30/2012,2626.16
5/1/2012,2626.16
5/2/2012,2683.49
5/3/2012,2691.52
5/4/2012,2715.88
5/7/2012,2717.78
5/8/2012,2709.12
5/9/2012,2657.51
5/10/2012,2657.21
5/11/2012,2636.92
5/14/2012,2615.53
5/15/2012,2617.37
5/16/2012,2574.65
5/17/2012,2613.94
5/18/2012,2573.98
5/21/2012,2587.23
5/22/2012,2627.52
5/23/2012,2616.87
5/24/2012,2595.26
5/25/2012,2573.1
5/28/2012,2614.69
5/29/2012,2650.85
5/30/2012,2642.26
5/31/2012,2632.04
6/1/2012,2633
6/4/2012,2559.03
6/5/2012,2558.84
6/6/2012,2557.4
6/7/2012,2542.18
6/8/2012,2524.33
6/11/2012,2558.26
6/12/2012,2540.18
6/13/2012,2580.64
6/14/2012,2560.42
6/15/2012,2568.05
6/18/2012,2581.21
6/19/2012,2558.62
6/20/2012,2552.61
6/21/2012,2512.19
6/22/2012,2512.19
6/25/2012,2456.52
6/26/2012,2454.92
6/27/2012,2447.2
6/28/2012,2425.73
6/29/2012,2461.61
7/2/2012,2465.24
7/3/2012,2468.72
7/4/2012,2464.92
7/5/2012,2430.37
7/6/2012,2472.61
7/9/2012,2416.04
7/10/2012,2406.71
7/11/2012,2425.57
7/12/2012,2449.18
7/13/2012,2450.63
7/16/2012,2399.73
7/17/2012,2414.2
7/18/2012,2414.33
7/19/2012,2424.32
7/20/2012,2398.46
7/23/2012,2365.43
7/24/2012,2375.99
7/25/2012,2360.08
7/26/2012,2347.49
7/27/2012,2349.11
7/30/2012,2335.79
7/31/2012,2332.92
8/1/2012,2358.65
8/2/2012,2334.88
8/3/2012,2353.74
8/6/2012,2385.61
8/7/2012,2388.87
8/8/2012,2389.79
8/9/2012,2411.7
8/10/2012,2399.75
8/13/2012,2351.93
8/14/2012,2357.02
8/15/2012,2331.61
8/16/2012,2319.67
8/17/2012,2313.48
8/20/2012,2301.79
8/21/2012,2313.7
8/22/2012,2295.59
8/23/2012,2302.2
8/24/2012,2275.68
8/27/2012,2228.2
8/28/2012,2238.41
8/29/2012,2214.81
8/30/2012,2211.37
8/31/2012,2204.87
9/3/2012,2228.37
9/4/2012,2204.41
9/5/2012,2199.88
9/6/2012,2217.82
9/7/2012,2317.18
9/10/2012,2326.67
9/11/2012,2311.89
9/12/2012,2320.07
9/13/2012,2298.46
9/14/2012,2315.54
9/17/2012,2258.71
9/18/2012,2235.24
9/19/2012,2246.24
9/20/2012,2195.95
9/21/2012,2199.06
9/24/2012,2215.52
9/25/2012,2210.15
9/26/2012,2184.89
9/27/2012,2251.72
9/28/2012,2293.11
10/1/2012,2293.11
10/2/2012,2293.11
10/3/2012,2293.11
10/4/2012,2293.11
10/8/2012,2270.05
10/9/2012,2320.16
10/10/2012,2324.12
10/11/2012,2302.53
10/12/2012,2304.53
10/15/2012,2294.86
10/16/2012,2298.16
10/17/2012,2300.8
10/18/2012,2336.08
10/19/2012,2332.47
10/22/2012,2341.59
10/23/2012,2312.08
10/24/2012,2307.78
10/25/2012,2292.01
10/26/2012,2247.91
10/29/2012,2235.85
10/30/2012,2239.88
10/31/2012,2254.82
11/1/2012,2297.88
11/2/2012,2306.77
11/5/2012,2301.88
11/6/2012,2292.21
11/7/2012,2287.5
11/8/2012,2245.41
11/9/2012,2240.92
11/12/2012,2251.85
11/13/2012,2212.44
11/14/2012,2223.11
11/15/2012,2193.62
11/16/2012,2177.24
11/19/2012,2174.99
11/20/2012,2164.88
11/21/2012,2194.9
11/22/2012,2177.55
11/23/2012,2192.68
11/26/2012,2175.6
11/27/2012,2150.64
11/28/2012,2129.16
11/29/2012,2115.68
11/30/2012,2139.66
12/3/2012,2108.85
12/4/2012,2131.47
12/5/2012,2207.88
12/6/2012,2203.6
12/7/2012,2246.76
12/10/2012,2271.05
12/11/2012,2258.5
12/12/2012,2267.77
12/13/2012,2242.64
12/14/2012,2355.86
12/17/2012,2366.7
12/18/2012,2368.12
12/19/2012,2371.11
12/20/2012,2384.82
12/21/2012,2372
12/24/2012,2381.22
12/25/2012,2448.4
12/26/2012,2457.62
12/27/2012,2444.59
12/28/2012,2480.05
12/31/2012,2522.95
1/1/2013,2522.95
1/2/2013,2522.95
1/3/2013,2522.95
1/4/2013,2524.41
1/7/2013,2535.99
1/8/2013,2525.33
1/9/2013,2526.13
1/10/2013,2530.57
1/11/2013,2483.23
1/14/2013,2577.73
1/15/2013,2595.86
1/16/2013,2577.09
1/17/2013,2552.76
1/18/2013,2595.44
1/21/2013,2610.9
1/22/2013,2596.9
1/23/2013,2607.46
1/24/2013,2582.75
1/25/2013,2571.67
1/28/2013,2651.86
1/29/2013,2675.87
1/30/2013,2688.71
1/31/2013,2686.88
2/1/2013,2743.32
2/4/2013,2748.03
2/5/2013,2771.68
2/6/2013,2775.84
2/7/2013,2759.87
2/8/2013,2771.73
2/11/2013,2771.73
2/13/2013,2771.73
2/14/2013,2771.73
2/15/2013,2771.73
2/18/2013,2737.47
2/19/2013,2685.61
2/20/2013,2702.64
2/21/2013,2610.55
2/22/2013,2596.6
2/25/2013,2604.96
2/26/2013,2567.59
2/27/2013,2594.68
2/28/2013,2673.33
3/1/2013,2668.84
3/4/2013,2545.72
3/5/2013,2622.81
3/6/2013,2650.2
3/7/2013,2619.48
3/8/2013,2606.93
3/11/2013,2592.37
3/12/2013,2555.61
3/13/2013,2527.49
3/14/2013,2534.27
3/15/2013,2539.87
3/18/2013,2502.49
3/19/2013,2525.1
3/20/2013,2610.17
3/21/2013,2614.99
3/22/2013,2618.31
3/25/2013,2613.1
3/26/2013,2575.05
3/27/2013,2583.53
3/28/2013,2499.3
3/29/2013,2495.08
4/1/2013,2493.19
4/2/2013,2486.39
4/3/2013,2483.55
4/8/2013,2472.3
4/9/2013,2489.43
4/10/2013,2485.31
4/11/2013,2477.88
4/12/2013,2462.11
4/15/2013,2436.82
4/16/2013,2459.59
4/17/2013,2458.47
4/18/2013,2464.85
4/19/2013,2533.83
4/22/2013,2520.73
4/23/2013,2449.47
4/24/2013,2495.58
4/25/2013,2467.88
4/26/2013,2447.31
5/2/2013,2449.64
5/3/2013,2492.91
5/6/2013,2525.98
5/7/2013,2529.94
5/8/2013,2542.8
5/9/2013,2527.79
5/10/2013,2540.84
5/13/2013,2530.77
5/14/2013,2493.34
5/15/2013,2506.93
5/16/2013,2552.71
5/17/2013,2592.05
5/20/2013,2609.61
5/21/2013,2614.85
5/22/2013,2618.03
5/23/2013,2582.85
5/24/2013,2597.23
5/27/2013,2599.59
5/28/2013,2644.36
5/29/2013,2642.56
5/30/2013,2634.32
5/31/2013,2606.43
6/3/2013,2602.62
6/4/2013,2565.67
6/5/2013,2560.54
6/6/2013,2527.84
6/7/2013,2484.16
6/13/2013,2395.3
6/14/2013,2416.77
6/17/2013,2403.84
6/18/2013,2418.75
6/19/2013,2400.76
6/20/2013,2321.47
6/21/2013,2317.39
6/24/2013,2171.21
6/25/2013,2165.42
6/26/2013,2168.3
6/27/2013,2160.74
6/28/2013,2200.64
7/1/2013,2213.32
7/2/2013,2221.98
7/3/2013,2203.83
7/4/2013,2221.98
7/5/2013,2226.85
7/8/2013,2163.62
7/9/2013,2162.67
7/10/2013,2224.06
7/11/2013,2326.69
7/12/2013,2275.37
7/15/2013,2307.3
7/16/2013,2317.85
7/17/2013,2282.84
7/18/2013,2245.33
7/19/2013,2190.48
7/22/2013,2202.19
7/23/2013,2265.84
7/24/2013,2249.15
7/25/2013,2237.68
7/26/2013,2224.01
7/29/2013,2175.97
7/30/2013,2189.39
7/31/2013,2193.02
8/1/2013,2245.36
8/2/2013,2247.26
8/5/2013,2278.33
8/6/2013,2293.64
8/7/2013,2280.62
8/8/2013,2276.78
8/9/2013,2286.01
8/12/2013,2352.79
8/13/2013,2359.07
8/14/2013,2349.08
8/15/2013,2321.58
8/16/2013,2304.14
8/19/2013,2331.43
8/20/2013,2312.47
8/21/2013,2308.59
8/22/2013,2303.93
8/23/2013,2286.93
8/26/2013,2335.62
8/27/2013,2340.88
8/28/2013,2328.06
8/29/2013,2318.31
8/30/2013,2313.91
9/2/2013,2320.34
9/3/2013,2354.5
9/4/2013,2350.7
9/5/2013,2341.74
9/6/2013,2357.78
9/9/2013,2440.61
9/10/2013,2474.89
9/11/2013,2482.89
9/12/2013,2507.46
9/13/2013,2488.9
9/16/2013,2478.39
9/17/2013,2427.32
9/18/2013,2432.51
9/23/2013,2472.29
9/24/2013,2443.89
9/25/2013,2429.03
9/26/2013,2384.44
9/27/2013,2394.97
9/30/2013,2409.04
10/8/2013,2441.81
10/9/2013,2453.58
10/10/2013,2429.32
10/11/2013,2468.51
10/14/2013,2472.54
10/15/2013,2467.52
10/16/2013,2421.37
10/17/2013,2413.33
10/18/2013,2426.05
10/21/2013,2468.99
10/22/2013,2446.38
10/23/2013,2418.36
10/24/2013,2400.51
10/25/2013,2368.56
10/28/2013,2365.95
10/29/2013,2372.05
10/30/2013,2407.47
10/31/2013,2373.72
11/1/2013,2384.96
11/4/2013,2380.45
11/5/2013,2383.77
11/6/2013,2353.57
11/7/2013,2340.55
11/8/2013,2307.95
11/11/2013,2315.89
11/12/2013,2340
11/13/2013,2288.12
11/14/2013,2304.5
11/15/2013,2350.73
11/18/2013,2428.9
11/19/2013,2412.16
11/20/2013,2424.85
11/21/2013,2409.99
11/22/2013,2397.96
11/25/2013,2388.63
11/26/2013,2387.42
11/27/2013,2414.48
11/28/2013,2439.53
11/29/2013,2438.94
12/2/2013,2418.79
12/3/2013,2442.78
12/4/2013,2475.14
12/5/2013,2468.2
12/6/2013,2452.29
12/9/2013,2450.87
12/10/2013,2453.32
12/11/2013,2412.76
12/12/2013,2410.01
12/13/2013,2406.64
12/16/2013,2367.92
12/17/2013,2356.38
12/18/2013,2357.23
12/19/2013,2332.41
12/20/2013,2278.14
12/23/2013,2284.6
12/24/2013,2288.25
12/25/2013,2305.11
12/26/2013,2265.33
12/27/2013,2303.48
12/30/2013,2299.46
12/31/2013,2330.03
1/2/2014,2321.98
1/3/2014,2290.78
1/6/2014,2238.64
1/7/2014,2238
1/8/2014,2241.91
1/9/2014,2222.22
1/10/2014,2204.85
1/13/2014,2193.68
1/14/2014,2212.85
1/15/2014,2208.94
1/16/2014,2211.84
1/17/2014,2178.49
1/20/2014,2165.99
1/21/2014,2187.41
1/22/2014,2243.8
1/23/2014,2231.89
1/24/2014,2245.68
1/27/2014,2215.92
1/28/2014,2219.85
1/29/2014,2227.78
1/30/2014,2202.45
2/7/2014,2212.48
2/10/2014,2267.53
2/11/2014,2285.56
2/12/2014,2291.25
2/13/2014,2279.55
2/14/2014,2295.57
2/17/2014,2311.65
2/18/2014,2282.44
2/19/2014,2308.66
2/20/2014,2287.44
2/21/2014,2264.29
2/24/2014,2214.51
2/25/2014,2157.91
2/26/2014,2163.41
2/27/2014,2154.11
2/28/2014,2178.97
3/3/2014,2190.37
3/4/2014,2184.27
3/5/2014,2163.98
3/6/2014,2173.63
3/7/2014,2168.36
3/10/2014,2097.79
3/11/2014,2108.66
3/12/2014,2114.13
3/13/2014,2140.33
3/14/2014,2122.84
3/17/2014,2143.04
3/18/2014,2138.13
3/19/2014,2120.87
3/20/2014,2086.97
3/21/2014,2158.8
3/24/2014,2176.55
3/25/2014,2174.44
3/26/2014,2171.05
3/27/2014,2155.71
3/28/2014,2151.97
3/31/2014,2146.3
4/1/2014,2163.11
4/2/2014,2180.73
4/3/2014,2165.01
4/4/2014,2185.47
4/8/2014,2237.32
4/9/2014,2238.62
4/10/2014,2273.76
4/11/2014,2270.67
4/14/2014,2268.61
4/15/2014,2229.46
4/16/2014,2232.53
4/17/2014,2224.8
4/18/2014,2224.48
4/21/2014,2187.25
4/22/2014,2196.79
4/23/2014,2194.67
4/24/2014,2190.47
4/25/2014,2167.83
4/28/2014,2134.97
4/29/2014,2158.47
4/30/2014,2158.66
5/5/2014,2156.47
5/6/2014,2157.33
5/7/2014,2137.32
5/8/2014,2135.5
5/9/2014,2133.91
5/12/2014,2180.05
5/13/2014,2174.85
5/14/2014,2172.37
5/15/2014,2144.08
5/16/2014,2145.95
5/19/2014,2115.14
5/20/2014,2115.77
5/21/2014,2135.91
5/22/2014,2130.87
5/23/2014,2148.41
5/26/2014,2155.98
5/27/2014,2147.28
5/28/2014,2169.35
5/29/2014,2155.16
5/30/2014,2156.46
6/3/2014,2149.92
6/4/2014,2128.27
6/5/2014,2150.6
6/6/2014,2134.72
6/9/2014,2136.29
6/10/2014,2161.27
6/11/2014,2160.77
6/12/2014,2153.41
6/13/2014,2176.24
6/16/2014,2191.85
6/17/2014,2169.67
6/18/2014,2160.24
6/19/2014,2126.91
6/20/2014,2136.73
6/23/2014,2134.11
6/24/2014,2144.82
6/25/2014,2133.37
6/26/2014,2149.08
6/27/2014,2150.26
6/30/2014,2165.12
7/1/2014,2164.56
7/2/2014,2170.87
7/3/2014,2180.19
7/4/2014,2178.7
7/7/2014,2176.29
7/8/2014,2180.47
7/9/2014,2148.71
7/10/2014,2142.85
7/11/2014,2148.01
7/14/2014,2171.76
7/15/2014,2174.98
7/16/2014,2170.87
7/17/2014,2157.07
7/18/2014,2164.14
7/21/2014,2166.29
7/22/2014,2192.7
7/23/2014,2197.83
7/24/2014,2237.01
7/25/2014,2260.45
7/28/2014,2323.9
7/29/2014,2331.37
7/30/2014,2322.01
7/31/2014,2350.25
8/1/2014,2329.4
8/4/2014,2375.62
8/5/2014,2369.35
8/6/2014,2363.22
8/7/2014,2327.46
8/8/2014,2331.13
8/11/2014,2365.35
8/12/2014,2357.05
8/13/2014,2358.9
8/14/2014,2335.95
8/15/2014,2360.64
8/18/2014,2374.56
8/19/2014,2374.77
8/20/2014,2366.14
8/21/2014,2354.24
8/22/2014,2365.36
8/25/2014,2342.86
8/26/2014,2324.09
8/27/2014,2327.59
8/28/2014,2311.28
8/29/2014,2338.29
9/1/2014,2355.32
9/2/2014,2386.46
9/3/2014,2408.96
9/4/2014,2426.22
9/5/2014,2449.26
9/9/2014,2445.22
9/10/2014,2432.43
9/11/2014,2423.45
9/12/2014,2438.36
9/15/2014,2437.25
9/16/2014,2388.76
9/17/2014,2401.33
9/18/2014,2408.66
9/19/2014,2425.31
9/22/2014,2378.92
9/23/2014,2399.46
9/24/2014,2441.86
9/25/2014,2436.97
9/26/2014,2437.2
9/29/2014,2447.8
9/30/2014,2450.99
10/8/2014,2478.38
10/9/2014,2481.96
10/10/2014,2466.79
10/13/2014,2454.95
10/14/2014,2446.56
10/15/2014,2463.87
10/16/2014,2444.4
10/17/2014,2441.73
10/20/2014,2454.71
10/21/2014,2433.39
10/22/2014,2418.64
10/23/2014,2402.75
10/24/2014,2390.71
10/27/2014,2368.83
10/28/2014,2416.65
10/29/2014,2451.38
10/30/2014,2468.93
10/31/2014,2508.32
11/3/2014,2512.55
11/4/2014,2513.17
11/5/2014,2503.45
11/6/2014,2506.07
11/7/2014,2502.15
11/10/2014,2565.73
11/11/2014,2558.61
11/12/2014,2594.32
11/13/2014,2579.75
11/14/2014,2581.09
11/17/2014,2567.1
11/18/2014,2541.42
11/19/2014,2537.22
11/20/2014,2537.1
11/21/2014,2583.46
11/24/2014,2649.26
11/25/2014,2685.56
11/26/2014,2723.02
11/27/2014,2754.49
11/28/2014,2808.82
12/1/2014,2819.81
12/2/2014,2923.94
12/3/2014,2967.55
12/4/2014,3104.35
12/5/2014,3124.89
12/8/2014,3252.88
12/9/2014,3106.91
12/10/2014,3221.55
12/11/2014,3183.01
12/12/2014,3193.23
12/15/2014,3217.23
12/16/2014,3303.4
12/17/2014,3360.6
12/18/2014,3345.93
12/19/2014,3383.17
12/22/2014,3394.48
12/23/2014,3324.92
12/24/2014,3230.39
12/25/2014,3335.42
12/26/2014,3445.84
12/29/2014,3455.46
12/30/2014,3459.68
12/31/2014,3533.71
1/1/2015,3533.71
1/5/2015,3641.54
1/6/2015,3641.06
1/7/2015,3643.79
1/8/2015,3559.26
1/9/2015,3546.72
1/12/2015,3513.58
1/13/2015,3514.04
1/14/2015,3502.42
1/15/2015,3604.12
1/16/2015,3635.15
1/19/2015,3355.16
1/20/2015,3396.22
1/21/2015,3548.89
1/22/2015,3567.61
1/23/2015,3571.73
1/26/2015,3607.99
1/27/2015,3574.93
1/28/2015,3525.32
1/29/2015,3481.8
1/30/2015,3434.39
2/2/2015,3353.96
2/3/2015,3437.45
2/4/2015,3401.77
2/5/2015,3366.95
2/6/2015,3312.42
2/9/2015,3345.92
2/10/2015,3406.94
2/11/2015,3434.12
2/12/2015,3442.87
2/13/2015,3469.83
2/16/2015,3499.48
2/17/2015,3522.32
2/25/2015,3478.73
2/26/2015,3566.29
2/27/2015,3572.84
3/2/2015,3601.26
3/3/2015,3507.9
3/4/2015,3530.82
3/5/2015,3496.34
3/6/2015,3478.52
3/9/2015,3537.75
3/10/2015,3520.61
3/11/2015,3524.65
3/12/2015,3592.84
3/13/2015,3617.66
3/16/2015,3705.67
3/17/2015,3757.12
3/18/2015,3846.05
3/19/2015,3839.74
3/20/2015,3892.57
3/23/2015,3972.06
3/24/2015,3973.05
3/25/2015,3940.41
3/26/2015,3950
3/27/2015,3971.7
3/30/2015,4088.18
3/31/2015,4051.2
4/1/2015,4123.9
4/2/2015,4124.78
4/3/2015,4170.54
4/7/2015,4260.04
4/8/2015,4295.8
4/9/2015,4262.14
4/10/2015,4344.42
4/13/2015,4421.07
4/14/2015,4438.18
4/15/2015,4380.51
4/16/2015,4513.55
4/17/2015,4596.14
4/20/2015,4521.92
4/21/2015,4619.16
4/22/2015,4739.81
4/23/2015,4740.89
4/24/2015,4702.64
4/27/2015,4807.59
4/28/2015,4741.86
4/29/2015,4774.33
4/30/2015,4749.89
5/4/2015,4787.74
5/5/2015,4596.84
5/6/2015,4553.33
5/7/2015,4470.09
5/8/2015,4558.4
5/11/2015,4690.53
5/12/2015,4747.42
5/13/2015,4718.44
5/14/2015,4700.78
5/15/2015,4617.47
5/18/2015,4575.14
5/19/2015,4731.22
5/20/2015,4754.92
5/21/2015,4840.98
5/22/2015,4951.33
5/25/2015,5099.5
5/26/2015,5198.92
5/27/2015,5181.43
5/28/2015,4834.01
5/29/2015,4840.83
6/1/2015,5076.18
6/2/2015,5161.87
6/3/2015,5143.59
6/4/2015,5181.42
6/5/2015,5230.55
6/8/2015,5353.75
6/9/2015,5317.46
6/10/2015,5309.11
6/11/2015,5306.59
6/12/2015,5335.12
6/15/2015,5221.17
6/16/2015,5064.82
6/17/2015,5138.83
6/18/2015,4930.55
6/19/2015,4637.05
6/23/2015,4786.09
6/24/2015,4880.13
6/25/2015,4706.52
6/26/2015,4336.19
6/29/2015,4191.55
6/30/2015,4473
7/1/2015,4253.02
7/2/2015,4108
7/3/2015,3885.92
7/6/2015,3998.54
7/7/2015,3928
7/8/2015,3663.04
7/9/2015,3897.63
7/10/2015,4106.56
7/13/2015,4211.81
7/14/2015,4112.15
7/15/2015,3966.76
7/16/2015,3997.36
7/17/2015,4151.5
7/20/2015,4160.61
7/21/2015,4166.01
7/22/2015,4157.16
7/23/2015,4250.81
7/24/2015,4176.28
7/27/2015,3818.73
7/28/2015,3811.09
7/29/2015,3930.38
7/30/2015,3815.41
7/31/2015,3816.7
8/3/2015,3829.24
8/4/2015,3948.16
8/5/2015,3866.9
8/6/2015,3831.85
8/7/2015,3906.95
8/10/2015,4084.36
8/11/2015,4066.67
8/12/2015,4016.13
8/13/2015,4075.46
8/14/2015,4073.54
8/17/2015,4077.87
8/18/2015,3825.41
8/19/2015,3886.14
8/20/2015,3761.45
8/21/2015,3589.54
8/24/2015,3275.53
8/25/2015,3042.93
8/26/2015,3025.69
8/27/2015,3205.64
8/28/2015,3342.29
8/31/2015,3366.54
9/1/2015,3362.08
9/2/2015,3365.83
9/3/2015,3365.83
9/7/2015,3250.49
9/8/2015,3334.02
9/9/2015,3399.3
9/10/2015,3357.56
9/11/2015,3347.19
9/14/2015,3281.13
9/15/2015,3152.23
9/16/2015,3309.25
9/17/2015,3237
9/18/2015,3251.27
9/21/2015,3308.25
9/22/2015,3339.03
9/23/2015,3263.03
9/24/2015,3285
9/25/2015,3231.95
9/28/2015,3242.75
9/29/2015,3178.85
9/30/2015,3202.95
10/8/2015,3296.48
10/9/2015,3340.12
10/12/2015,3447.69
10/13/2015,3445.04
10/14/2015,3406.11
10/15/2015,3486.81
10/16/2015,3534.06
10/19/2015,3534.18
10/20/2015,3577.7
10/21/2015,3473.25
10/22/2015,3524.53
10/23/2015,3571.24
10/26/2015,3589.26
10/27/2015,3592.88
10/28/2015,3524.92
10/29/2015,3533.31
10/30/2015,3534.08
11/2/2015,3475.96
11/3/2015,3465.49
11/4/2015,3628.54
11/5/2015,3705.97
11/6/2015,3793.37
11/9/2015,3840.35
11/10/2015,3833.24
11/11/2015,3833.65
11/12/2015,3795.32
11/13/2015,3746.24
11/16/2015,3764.13
11/17/2015,3758.39
11/18/2015,3715.58
11/19/2015,3774.97
11/20/2015,3774.38
11/23/2015,3753.33
11/24/2015,3753.89
11/25/2015,3781.61
11/26/2015,3759.43
11/27/2015,3556.99
11/30/2015,3566.41
12/1/2015,3591.7
12/2/2015,3721.96
12/3/2015,3749.3
12/4/2015,3677.59
12/7/2015,3687.61
12/8/2015,3623.02
12/9/2015,3635.94
12/10/2015,3623.08
12/11/2015,3608.06
12/14/2015,3711.32
12/15/2015,3694.39
12/16/2015,3685.44
12/17/2015,3755.89
12/18/2015,3767.91
12/21/2015,3865.97
12/22/2015,3876.73
12/23/2015,3866.38
12/24/2015,3829.4
12/25/2015,3838.2
12/28/2015,3727.63
12/29/2015,3761.88
12/30/2015,3765.18
12/31/2015,3731
1/4/2016,3469.07
1/5/2016,3478.78
1/6/2016,3539.81
1/7/2016,3294.38
1/8/2016,3361.56
1/11/2016,3192.45
1/12/2016,3215.71
1/13/2016,3155.88
1/14/2016,3221.57
1/15/2016,3118.73
1/18/2016,3130.73
1/19/2016,3223.12
1/20/2016,3174.38
1/21/2016,3081.34
1/22/2016,3113.46
1/25/2016,3128.89
1/26/2016,2940.51
1/27/2016,2930.35
1/28/2016,2853.76
1/29/2016,2946.09
2/1/2016,2901.05
2/2/2016,2961.33
2/3/2016,2948.64
2/4/2016,2984.76
2/5/2016,2963.79
2/8/2016,2963.79
2/9/2016,2963.79
2/10/2016,2963.79
2/11/2016,2963.79
2/12/2016,2963.79
2/15/2016,2946.71
2/16/2016,3037.03
2/17/2016,3063.32
2/18/2016,3053.7
2/19/2016,3051.58
2/22/2016,3118.87
2/23/2016,3089.36
2/24/2016,3109.54
2/25/2016,2918.75
2/26/2016,2948.03
2/29/2016,2877.47
3/1/2016,2930.69
3/2/2016,3051.33
3/3/2016,3058.42
3/4/2016,3093.89
3/7/2016,3104.84
3/8/2016,3107.67
3/9/2016,3071.91
3/10/2016,3013.15
3/11/2016,3018.28
3/14/2016,3065.69
3/15/2016,3074.78
3/16/2016,3090.03
3/17/2016,3124.2
3/18/2016,3171.96
3/21/2016,3249.44
3/22/2016,3225.79
3/23/2016,3236.09
3/24/2016,3181.85
3/25/2016,3197.82
3/28/2016,3169.73
3/29/2016,3135.41
3/30/2016,3216.27
3/31/2016,3218.09
4/1/2016,3221.9
4/4/2016,3221.9
4/5/2016,3270.7
4/6/2016,3257.53
4/7/2016,3209.29
4/8/2016,3173.09
4/11/2016,3230.1
4/12/2016,3218.45
4/13/2016,3261.38
4/14/2016,3275.83
4/15/2016,3272.21
4/18/2016,3228.45
4/19/2016,3238.3
4/20/2016,3181.03
4/21/2016,3160.6
4/22/2016,3174.9
4/25/2016,3162.03
4/26/2016,3179.16
4/27/2016,3165.92
4/28/2016,3160.58
4/29/2016,3156.75
5/2/2016,3156.75
5/3/2016,3210.22
5/4/2016,3209.46
5/5/2016,3213.92
5/6/2016,3130.35
5/9/2016,3065.62
5/10/2016,3069.11
5/11/2016,3082.81
5/12/2016,3090.14
5/13/2016,3074.94
5/16/2016,3095.31
5/17/2016,3086.02
5/18/2016,3068.04
5/19/2016,3062.5
5/20/2016,3078.22
5/23/2016,3087.22
5/24/2016,3063.56
5/25/2016,3059.23
5/26/2016,3064.21
5/27/2016,3062.5
5/30/2016,3066.71
5/31/2016,3169.56
6/1/2016,3160.55
6/2/2016,3167.1
6/3/2016,3189.33
6/6/2016,3178.79
6/7/2016,3177.05
6/8/2016,3163.99
6/13/2016,3066.34
6/14/2016,3075.98
6/15/2016,3116.37
6/16/2016,3094.67
6/17/2016,3110.36
6/20/2016,3112.67
6/21/2016,3106.32
6/22/2016,3133.96
6/23/2016,3117.32
6/24/2016,3077.16
6/27/2016,3120.54
6/28/2016,3136.4
6/29/2016,3151.39
6/30/2016,3153.92
7/1/2016,3154.2
7/4/2016,3204.7
7/5/2016,3207.38
7/6/2016,3216.8
7/7/2016,3209.95
7/8/2016,3192.28
7/11/2016,3203.33
7/12/2016,3273.18
7/13/2016,3282.87
7/14/2016,3276.76
7/15/2016,3276.28
7/18/2016,3262.02
7/19/2016,3248.23
7/20/2016,3237.6
7/21/2016,3252.52
7/22/2016,3225.16
7/25/2016,3230.89
7/26/2016,3269.59
7/27/2016,3218.24
7/28/2016,3221.14
7/29/2016,3203.93
8/1/2016,3176.81
8/2/2016,3189.05
8/3/2016,3193.51
8/4/2016,3201.29
8/5/2016,3205.01
8/8/2016,3234.18
8/9/2016,3256.98
8/10/2016,3243.34
8/11/2016,3233.36
8/12/2016,3294.23
8/15/2016,3393.42
8/16/2016,3378.25
8/17/2016,3373.05
8/18/2016,3364.49
8/19/2016,3365.02
8/22/2016,3336.79
8/23/2016,3341.83
8/24/2016,3329.86
8/25/2016,3308.97
8/26/2016,3307.09
8/29/2016,3307.78
8/30/2016,3311.99
8/31/2016,3327.79
9/1/2016,3301.58
9/2/2016,3314.11
9/5/2016,3319.68
9/6/2016,3342.63
9/7/2016,3340.82
9/8/2016,3339.56
9/9/2016,3318.04
9/12/2016,3262.6
9/13/2016,3260.33
9/14/2016,3238.73
9/19/2016,3263.12
9/20/2016,3257.4
9/21/2016,3266.64
9/22/2016,3291.12
9/23/2016,3275.67
9/26/2016,3220.28
9/27/2016,3240.75
9/28/2016,3230.89
9/29/2016,3244.39
9/30/2016,3253.28
10/10/2016,3293.87
10/11/2016,3306.56
10/12/2016,3300.01
10/13/2016,3302.65
10/14/2016,3305.85
10/17/2016,3277.88
10/18/2016,3321.33
10/19/2016,3316.24
10/20/2016,3318.6
10/21/2016,3327.74
10/24/2016,3367.58
10/25/2016,3367.45
10/26/2016,3354.8
10/27/2016,3345.7
10/28/2016,3340.13
10/31/2016,3336.28
11/1/2016,3359.05
11/2/2016,3333.35
11/3/2016,3365.08
11/4/2016,3354.17
11/7/2016,3356.59
11/8/2016,3371.12
11/9/2016,3353.05
11/10/2016,3390.61
11/11/2016,3417.15
11/14/2016,3430.25
11/15/2016,3429.87
11/16/2016,3429.59
11/17/2016,3436.53
11/18/2016,3417.46
11/21/2016,3441.11
11/22/2016,3468.36
11/23/2016,3474.73
11/24/2016,3488.71
11/25/2016,3521.3
11/28/2016,3535.08
11/29/2016,3564.04
11/30/2016,3538
12/1/2016,3565.04
12/2/2016,3528.95
12/5/2016,3469.41
12/6/2016,3459.15
12/7/2016,3475.75
12/8/2016,3470.14
12/9/2016,3493.7
12/12/2016,3409.18
12/13/2016,3405.04
12/14/2016,3378.95
12/19/2016,3328.98
12/20/2016,3309.06
12/21/2016,3338.54
12/22/2016,3335.67
12/23/2016,3307.6
12/26/2016,3322.4
12/27/2016,3316.39
12/28/2016,3301.89
12/29/2016,3297.76
12/30/2016,3310.08
1/3/2017,3342.23
1/4/2017,3368.31
1/5/2017,3367.79
1/6/2017,3347.67
1/9/2017,3363.9
1/10/2017,3358.27
1/11/2017,3334.5
1/12/2017,3317.62
1/13/2017,3319.91
1/16/2017,3319.45
1/17/2017,3326.36
1/18/2017,3339.37
1/19/2017,3329.29
1/20/2017,3354.89
1/23/2017,3364.08
1/24/2017,3364.45
1/25/2017,3375.9
1/26/2017,3387.96
2/3/2017,3364.49
2/6/2017,3373.21
2/7/2017,3365.68
2/8/2017,3383.29
2/9/2017,3396.29
2/10/2017,3413.49
2/13/2017,3436.27
2/14/2017,3435.8
2/15/2017,3421.71
2/16/2017,3440.93
2/17/2017,3421.44
2/21/2017,3482.82
2/22/2017,3489.76
2/23/2017,3473.32
2/24/2017,3473.85
2/27/2017,3446.22
2/28/2017,3452.81
