Date,RMB_per_USD
1/4/2007,7.8073
1/5/2007,7.8097
1/8/2007,7.8135
1/9/2007,7.8078
1/10/2007,7.8081
1/11/2007,7.7977
1/12/2007,7.8012
1/15/2007,7.7938
1/16/2007,7.7895
1/17/2007,7.7798
1/18/2007,7.7758
1/19/2007,7.7788
1/22/2007,7.78
1/23/2007,7.7815
1/24/2007,7.7755
1/25/2007,7.7735
1/26/2007,7.7817
1/29/2007,7.7836
1/30/2007,7.7796
1/31/2007,7.7776
2/1/2007,7.7615
2/2/2007,7.7613
2/5/2007,7.764
2/6/2007,7.7595
2/7/2007,7.7496
2/8/2007,7.7526
2/9/2007,7.7575
2/12/2007,7.7632
2/13/2007,7.7662
2/14/2007,7.7552
2/15/2007,7.7502
2/16/2007,7.7408
2/26/2007,7.7498
2/27/2007,7.7471
2/28/2007,7.7409
3/1/2007,7.7472
3/2/2007,7.7453
3/5/2007,7.7403
3/6/2007,7.7453
3/7/2007,7.7436
3/8/2007,7.7386
3/9/2007,7.7436
3/12/2007,7.7474
3/13/2007,7.7397
3/14/2007,7.7387
3/15/2007,7.742
3/16/2007,7.739
3/19/2007,7.7351
3/20/2007,7.7395
3/21/2007,7.7355
3/22/2007,7.731
3/23/2007,7.7359
3/26/2007,7.7393
3/27/2007,7.7343
3/28/2007,7.7318
3/29/2007,7.7303
3/30/2007,7.7342
4/2/2007,7.7306
4/3/2007,7.7277
4/4/2007,7.7349
4/5/2007,7.7268
4/6/2007,7.7251
4/9/2007,7.729
4/10/2007,7.7304
4/11/2007,7.727
4/12/2007,7.7264
4/13/2007,7.7244
4/16/2007,7.722
4/17/2007,7.7308
4/18/2007,7.7238
4/19/2007,7.7199
4/20/2007,7.723
4/23/2007,7.729
4/24/2007,7.7293
4/25/2007,7.7203
4/26/2007,7.7199
4/27/2007,7.7139
4/30/2007,7.7055
5/8/2007,7.6951
5/9/2007,7.6971
5/10/2007,7.6965
5/11/2007,7.6835
5/14/2007,7.6739
5/15/2007,7.6948
5/16/2007,7.684
5/17/2007,7.6785
5/18/2007,7.6804
5/21/2007,7.6652
5/22/2007,7.6551
5/23/2007,7.654
5/24/2007,7.6525
5/25/2007,7.6523
5/28/2007,7.6512
5/29/2007,7.6538
5/30/2007,7.6488
5/31/2007,7.6506
6/1/2007,7.6497
6/4/2007,7.6522
6/5/2007,7.6427
6/6/2007,7.6398
6/7/2007,7.6502
6/8/2007,7.6656
6/11/2007,7.6785
6/12/2007,7.6475
6/13/2007,7.6282
6/14/2007,7.6258
6/15/2007,7.6238
6/18/2007,7.6213
6/19/2007,7.6195
6/20/2007,7.618
6/21/2007,7.6208
6/22/2007,7.6224
6/25/2007,7.6192
6/26/2007,7.6184
6/27/2007,7.6165
6/28/2007,7.6178
6/29/2007,7.6155
7/2/2007,7.6075
7/3/2007,7.5951
7/4/2007,7.6007
7/5/2007,7.606
7/6/2007,7.6135
7/9/2007,7.6085
7/10/2007,7.5845
7/11/2007,7.5712
7/12/2007,7.5762
7/13/2007,7.5731
7/16/2007,7.5681
7/17/2007,7.5651
7/18/2007,7.5661
7/19/2007,7.5636
7/20/2007,7.5712
7/23/2007,7.5642
7/24/2007,7.5725
7/25/2007,7.5596
7/26/2007,7.5789
7/27/2007,7.5697
7/30/2007,7.5824
7/31/2007,7.5737
8/1/2007,7.566
8/2/2007,7.5723
8/3/2007,7.5683
8/6/2007,7.5598
8/7/2007,7.569
8/8/2007,7.5759
8/9/2007,7.5648
8/10/2007,7.5698
8/13/2007,7.5787
8/14/2007,7.5845
8/15/2007,7.5921
8/16/2007,7.5981
8/17/2007,7.6003
8/20/2007,7.5973
8/21/2007,7.597
8/22/2007,7.5987
8/23/2007,7.5847
8/24/2007,7.5691
8/27/2007,7.5629
8/28/2007,7.5545
8/29/2007,7.5505
8/30/2007,7.5567
8/31/2007,7.5607
9/3/2007,7.5546
9/4/2007,7.5556
9/5/2007,7.5546
9/6/2007,7.541
9/7/2007,7.5411
9/10/2007,7.5252
9/11/2007,7.5298
9/12/2007,7.5263
9/13/2007,7.5169
9/14/2007,7.5222
9/17/2007,7.523
9/18/2007,7.5266
9/19/2007,7.517
9/20/2007,7.5175
9/21/2007,7.505
9/24/2007,7.5109
9/25/2007,7.5135
9/26/2007,7.5089
9/27/2007,7.5157
9/28/2007,7.5108
10/8/2007,7.5102
10/9/2007,7.5232
10/10/2007,7.5176
10/11/2007,7.5143
10/12/2007,7.5114
10/15/2007,7.5153
10/16/2007,7.5136
10/17/2007,7.5156
10/18/2007,7.5113
10/19/2007,7.5074
10/22/2007,7.5055
10/23/2007,7.501
10/24/2007,7.4938
10/25/2007,7.4867
10/26/2007,7.481
10/29/2007,7.4718
10/30/2007,7.472
10/31/2007,7.4692
11/1/2007,7.4552
11/2/2007,7.4624
11/5/2007,7.4562
11/6/2007,7.4577
11/7/2007,7.4476
11/8/2007,7.4251
11/9/2007,7.4162
11/12/2007,7.414
11/13/2007,7.4309
11/14/2007,7.4321
11/15/2007,7.4307
11/16/2007,7.4336
11/19/2007,7.4303
11/20/2007,7.4255
11/21/2007,7.415
11/22/2007,7.4119
11/23/2007,7.3992
11/26/2007,7.3942
11/27/2007,7.3872
11/28/2007,7.3899
11/29/2007,7.3983
11/30/2007,7.3997
12/3/2007,7.4143
12/4/2007,7.4094
12/5/2007,7.3982
12/6/2007,7.4205
12/7/2007,7.4091
12/10/2007,7.3953
12/11/2007,7.3797
12/12/2007,7.3647
12/13/2007,7.3568
12/14/2007,7.3589
12/17/2007,7.379
12/18/2007,7.3751
12/19/2007,7.3698
12/20/2007,7.3649
12/21/2007,7.3572
12/24/2007,7.3315
12/25/2007,7.3261
12/26/2007,7.3298
12/27/2007,7.3079
12/28/2007,7.3046
1/2/2008,7.2996
1/3/2008,7.2775
1/4/2008,7.2779
1/7/2008,7.2695
1/8/2008,7.2791
1/9/2008,7.2723
1/10/2008,7.2805
1/11/2008,7.2672
1/14/2008,7.2566
1/15/2008,7.2454
1/16/2008,7.2418
1/17/2008,7.2545
1/18/2008,7.2571
1/21/2008,7.2598
1/22/2008,7.2556
1/23/2008,7.235
1/24/2008,7.2293
1/25/2008,7.2065
1/28/2008,7.1996
1/29/2008,7.202
1/30/2008,7.1998
1/31/2008,7.1853
2/1/2008,7.1903
2/4/2008,7.1923
2/5/2008,7.1846
2/13/2008,7.1952
2/14/2008,7.189
2/15/2008,7.1763
2/18/2008,7.1667
2/19/2008,7.1574
2/20/2008,7.1452
2/21/2008,7.1503
2/22/2008,7.1463
2/25/2008,7.146
2/26/2008,7.1505
2/27/2008,7.1455
2/28/2008,7.1209
2/29/2008,7.1058
3/3/2008,7.1058
3/4/2008,7.1175
3/5/2008,7.1172
3/6/2008,7.1168
3/7/2008,7.109
3/10/2008,7.108
3/11/2008,7.1029
3/12/2008,7.1069
3/13/2008,7.097
3/14/2008,7.0882
3/17/2008,7.0815
3/18/2008,7.087
3/19/2008,7.0648
3/20/2008,7.0512
3/21/2008,7.0593
3/24/2008,7.0518
3/25/2008,7.0436
3/26/2008,7.0252
3/27/2008,7.013
3/28/2008,7.0137
3/31/2008,7.019
4/1/2008,7.0218
4/2/2008,7.0292
4/3/2008,7.0192
4/7/2008,7.002
4/8/2008,7.0015
4/9/2008,7.0025
4/10/2008,6.992
4/11/2008,7.0012
4/14/2008,6.9993
4/15/2008,6.9963
4/16/2008,7.0047
4/17/2008,6.9895
4/18/2008,7.0006
4/21/2008,7.0078
4/22/2008,6.9912
4/23/2008,6.9837
4/24/2008,6.989
4/25/2008,6.9949
4/28/2008,6.998
4/29/2008,6.9898
4/30/2008,7.0002
5/5/2008,7.0016
5/6/2008,6.9888
5/7/2008,6.9848
5/8/2008,7.001
5/9/2008,7.0005
5/12/2008,6.982
5/13/2008,6.9887
5/14/2008,6.9987
5/15/2008,7
5/16/2008,6.9895
5/19/2008,6.9712
5/20/2008,6.978
5/21/2008,6.9597
5/22/2008,6.9428
5/23/2008,6.9498
5/26/2008,6.9399
5/27/2008,6.9432
5/28/2008,6.9408
5/29/2008,6.9402
5/30/2008,6.9472
6/2/2008,6.9372
6/3/2008,6.9295
6/4/2008,6.9356
6/5/2008,6.9394
6/6/2008,6.9238
6/10/2008,6.9199
6/11/2008,6.9209
6/12/2008,6.9015
6/13/2008,6.9018
6/16/2008,6.9028
6/17/2008,6.8919
6/18/2008,6.8823
6/19/2008,6.8796
6/20/2008,6.8826
6/23/2008,6.8676
6/24/2008,6.8736
6/25/2008,6.8684
6/26/2008,6.8634
6/27/2008,6.861
6/30/2008,6.8591
7/1/2008,6.8608
7/2/2008,6.8621
7/3/2008,6.8529
7/4/2008,6.8639
7/7/2008,6.8567
7/8/2008,6.8581
7/9/2008,6.8632
7/10/2008,6.8489
7/11/2008,6.8397
7/14/2008,6.8266
7/15/2008,6.823
7/16/2008,6.8128
7/17/2008,6.8189
7/18/2008,6.8238
7/21/2008,6.8271
7/22/2008,6.8219
7/23/2008,6.8279
7/24/2008,6.8297
7/25/2008,6.8255
7/28/2008,6.8277
7/29/2008,6.8205
7/30/2008,6.8351
7/31/2008,6.8388
8/1/2008,6.8423
8/4/2008,6.8471
8/5/2008,6.8501
8/6/2008,6.8525
8/7/2008,6.8555
8/8/2008,6.8585
8/11/2008,6.8638
8/12/2008,6.8659
8/13/2008,6.8628
8/14/2008,6.863
8/15/2008,6.8649
8/18/2008,6.8665
8/19/2008,6.8599
8/20/2008,6.8529
8/21/2008,6.8518
8/22/2008,6.8357
8/25/2008,6.8397
8/26/2008,6.84
8/27/2008,6.8415
8/28/2008,6.8326
8/29/2008,6.8345
9/1/2008,6.832
9/2/2008,6.8359
9/3/2008,6.8398
9/4/2008,6.841
9/5/2008,6.8436
9/8/2008,6.8455
9/9/2008,6.8399
9/10/2008,6.8406
9/11/2008,6.8457
9/12/2008,6.8458
9/16/2008,6.8203
9/17/2008,6.829
9/18/2008,6.8201
9/19/2008,6.8276
9/22/2008,6.8243
9/23/2008,6.8009
9/24/2008,6.8129
9/25/2008,6.8197
9/26/2008,6.8183
10/6/2008,6.8321
10/7/2008,6.8345
10/8/2008,6.8319
10/9/2008,6.831
10/10/2008,6.8327
10/13/2008,6.8287
10/14/2008,6.8278
10/15/2008,6.8272
10/16/2008,6.8295
10/17/2008,6.8311
10/20/2008,6.8297
10/21/2008,6.8309
10/22/2008,6.8339
10/23/2008,6.8368
10/24/2008,6.8357
10/27/2008,6.836
10/28/2008,6.8369
10/29/2008,6.8318
10/30/2008,6.827
10/31/2008,6.8258
11/3/2008,6.8288
11/4/2008,6.8261
11/5/2008,6.824
11/6/2008,6.8252
11/7/2008,6.8277
11/10/2008,6.8252
11/11/2008,6.8265
11/12/2008,6.8291
11/13/2008,6.8295
11/14/2008,6.8289
11/17/2008,6.8303
11/18/2008,6.828
11/19/2008,6.8293
11/20/2008,6.8307
11/21/2008,6.8317
11/24/2008,6.8304
11/25/2008,6.8284
11/26/2008,6.8272
11/27/2008,6.8292
11/28/2008,6.8349
12/1/2008,6.8505
12/2/2008,6.8527
12/3/2008,6.8502
12/4/2008,6.8502
12/5/2008,6.8482
12/8/2008,6.8509
12/9/2008,6.8479
12/10/2008,6.8475
12/11/2008,6.8471
12/12/2008,6.8451
12/15/2008,6.8442
12/16/2008,6.8433
12/17/2008,6.8353
12/18/2008,6.8322
12/19/2008,6.8357
12/22/2008,6.8377
12/23/2008,6.8389
12/24/2008,6.8397
12/25/2008,6.8366
12/26/2008,6.8362
12/29/2008,6.8357
12/30/2008,6.8353
12/31/2008,6.8346
1/5/2009,6.8367
1/6/2009,6.8384
1/7/2009,6.8389
1/8/2009,6.8375
1/9/2009,6.8363
1/12/2009,6.8382
1/13/2009,6.8395
1/14/2009,6.8399
1/15/2009,6.8392
1/16/2009,6.8383
1/19/2009,6.836
1/20/2009,6.8385
1/21/2009,6.8396
1/22/2009,6.8373
1/23/2009,6.838
2/2/2009,6.8397
2/3/2009,6.8398
2/4/2009,6.8348
2/5/2009,6.836
2/6/2009,6.8371
2/9/2009,6.8346
2/10/2009,6.833
2/11/2009,6.8337
2/12/2009,6.8327
2/13/2009,6.8334
2/16/2009,6.8343
2/17/2009,6.8352
2/18/2009,6.8363
2/19/2009,6.8369
2/20/2009,6.8357
2/23/2009,6.8337
2/24/2009,6.8358
2/25/2009,6.8361
2/26/2009,6.8371
2/27/2009,6.8379
3/2/2009,6.8389
3/3/2009,6.8392
3/4/2009,6.8395
3/5/2009,6.8365
3/6/2009,6.837
3/9/2009,6.8355
3/10/2009,6.8358
3/11/2009,6.8347
3/12/2009,6.8339
3/13/2009,6.8334
3/16/2009,6.8349
3/17/2009,6.8327
3/18/2009,6.8319
3/19/2009,6.8301
3/20/2009,6.8293
3/23/2009,6.8304
3/24/2009,6.8301
3/25/2009,6.8328
3/26/2009,6.8321
3/27/2009,6.8317
3/30/2009,6.834
3/31/2009,6.8359
4/1/2009,6.8349
4/2/2009,6.8341
4/3/2009,6.832
4/7/2009,6.834
4/8/2009,6.837
4/9/2009,6.8358
4/10/2009,6.8347
4/13/2009,6.8332
4/14/2009,6.8296
4/15/2009,6.8293
4/16/2009,6.8301
4/17/2009,6.8311
4/20/2009,6.8329
4/21/2009,6.8342
4/22/2009,6.8306
4/23/2009,6.8295
4/24/2009,6.8273
4/27/2009,6.8253
4/28/2009,6.8274
4/29/2009,6.8265
4/30/2009,6.825
5/4/2009,6.8225
5/5/2009,6.8201
5/6/2009,6.8232
5/7/2009,6.823
5/8/2009,6.8221
5/11/2009,6.822
5/12/2009,6.8242
5/13/2009,6.8235
5/14/2009,6.825
5/15/2009,6.8247
5/18/2009,6.8267
5/19/2009,6.826
5/20/2009,6.8251
5/21/2009,6.8245
5/22/2009,6.8239
5/25/2009,6.8235
5/26/2009,6.8285
5/27/2009,6.8324
6/1/2009,6.8317
6/2/2009,6.8309
6/3/2009,6.8302
6/4/2009,6.8325
6/5/2009,6.8334
6/8/2009,6.8365
6/9/2009,6.8366
6/10/2009,6.8336
6/11/2009,6.8348
6/12/2009,6.8325
6/15/2009,6.8343
6/16/2009,6.8368
6/17/2009,6.834
6/18/2009,6.8321
6/19/2009,6.8338
6/22/2009,6.8328
6/23/2009,6.8339
6/24/2009,6.8316
6/25/2009,6.8331
6/26/2009,6.8328
6/29/2009,6.8316
6/30/2009,6.8319
7/1/2009,6.8325
7/2/2009,6.8309
7/3/2009,6.8333
7/6/2009,6.833
7/7/2009,6.8326
7/8/2009,6.8336
7/9/2009,6.8325
7/10/2009,6.8313
7/13/2009,6.832
7/14/2009,6.8332
7/15/2009,6.8328
7/16/2009,6.8315
7/17/2009,6.831
7/20/2009,6.8321
7/21/2009,6.8311
7/22/2009,6.8309
7/23/2009,6.8307
7/24/2009,6.8318
7/27/2009,6.8316
7/28/2009,6.831
7/29/2009,6.8314
7/30/2009,6.8335
7/31/2009,6.8323
8/3/2009,6.831
8/4/2009,6.8303
8/5/2009,6.8306
8/6/2009,6.8304
8/7/2009,6.8316
8/10/2009,6.8346
8/11/2009,6.8352
8/12/2009,6.8351
8/13/2009,6.8343
8/14/2009,6.8328
8/17/2009,6.8333
8/18/2009,6.8339
8/19/2009,6.8329
8/20/2009,6.8318
8/21/2009,6.8313
8/24/2009,6.8309
8/25/2009,6.8311
8/26/2009,6.8313
8/27/2009,6.832
8/28/2009,6.8309
8/31/2009,6.8312
9/1/2009,6.8308
9/2/2009,6.8316
9/3/2009,6.8307
9/4/2009,6.831
9/7/2009,6.8305
9/8/2009,6.83
9/9/2009,6.8292
9/10/2009,6.8288
9/11/2009,6.8282
9/14/2009,6.828
9/15/2009,6.8284
9/16/2009,6.8281
9/17/2009,6.8272
9/18/2009,6.8271
9/21/2009,6.828
9/22/2009,6.8289
9/23/2009,6.8271
9/24/2009,6.828
9/25/2009,6.8287
9/28/2009,6.8279
9/29/2009,6.8288
9/30/2009,6.829
10/9/2009,6.827
10/12/2009,6.8275
10/13/2009,6.827
10/14/2009,6.8269
10/15/2009,6.8267
10/16/2009,6.827
10/19/2009,6.8275
10/20/2009,6.8273
10/21/2009,6.8278
10/22/2009,6.8272
10/23/2009,6.8275
10/26/2009,6.828
10/27/2009,6.8284
10/28/2009,6.8283
10/29/2009,6.8285
10/30/2009,6.8281
11/2/2009,6.8282
11/3/2009,6.8279
11/4/2009,6.828
11/5/2009,6.8277
11/6/2009,6.8276
11/9/2009,6.8273
11/10/2009,6.8268
11/11/2009,6.8267
11/12/2009,6.8268
11/13/2009,6.8273
11/16/2009,6.8272
11/17/2009,6.8271
11/18/2009,6.8275
11/19/2009,6.8274
11/20/2009,6.8278
11/23/2009,6.8279
11/24/2009,6.8276
11/25/2009,6.8275
11/26/2009,6.8268
11/27/2009,6.8269
11/30/2009,6.8272
12/1/2009,6.827
12/2/2009,6.8268
12/3/2009,6.827
12/4/2009,6.8272
12/7/2009,6.8278
12/8/2009,6.8277
12/9/2009,6.8279
12/10/2009,6.8276
12/11/2009,6.8277
12/14/2009,6.8279
12/15/2009,6.8278
12/16/2009,6.828
12/17/2009,6.8281
12/18/2009,6.8284
12/21/2009,6.8283
12/22/2009,6.8285
12/23/2009,6.8287
12/24/2009,6.8285
12/25/2009,6.8283
12/28/2009,6.8282
12/29/2009,6.8282
12/30/2009,6.8283
12/31/2009,6.8282
1/4/2010,6.8281
1/5/2010,6.8278
1/6/2010,6.8277
1/7/2010,6.8276
1/8/2010,6.8279
1/11/2010,6.8275
1/12/2010,6.8274
1/13/2010,6.8273
1/14/2010,6.8272
1/15/2010,6.8271
1/18/2010,6.8272
1/19/2010,6.827
1/20/2010,6.8273
1/21/2010,6.8272
1/22/2010,6.8271
1/25/2010,6.827
1/26/2010,6.8269
1/27/2010,6.827
1/28/2010,6.8271
1/29/2010,6.827
2/1/2010,6.8271
2/2/2010,6.8271
2/3/2010,6.8269
2/4/2010,6.827
2/5/2010,6.8272
2/8/2010,6.8273
2/9/2010,6.8271
2/10/2010,6.8269
2/11/2010,6.827
2/12/2010,6.8269
2/22/2010,6.8271
2/23/2010,6.827
2/24/2010,6.8271
2/25/2010,6.827
2/26/2010,6.8269
3/1/2010,6.8267
3/2/2010,6.8268
3/3/2010,6.8266
3/4/2010,6.8265
3/5/2010,6.8266
3/8/2010,6.8266
3/9/2010,6.8265
3/10/2010,6.8264
3/11/2010,6.8263
3/12/2010,6.8262
3/15/2010,6.8261
3/16/2010,6.8263
3/17/2010,6.8262
3/18/2010,6.8262
3/19/2010,6.8263
3/22/2010,6.8264
3/23/2010,6.8263
3/24/2010,6.8264
3/25/2010,6.8266
3/26/2010,6.8268
3/29/2010,6.8266
3/30/2010,6.8264
3/31/2010,6.8263
4/1/2010,6.8261
4/2/2010,6.826
4/6/2010,6.826
4/7/2010,6.8259
4/8/2010,6.8259
4/9/2010,6.826
4/12/2010,6.8259
4/13/2010,6.826
4/14/2010,6.8261
4/15/2010,6.826
4/16/2010,6.8261
4/19/2010,6.8262
4/20/2010,6.8263
4/21/2010,6.8264
4/22/2010,6.8263
4/23/2010,6.8264
4/26/2010,6.8263
4/27/2010,6.8262
4/28/2010,6.8264
4/29/2010,6.8265
4/30/2010,6.8263
5/4/2010,6.8265
5/5/2010,6.8267
5/6/2010,6.8269
5/7/2010,6.8271
5/10/2010,6.8269
5/11/2010,6.827
5/12/2010,6.8271
5/13/2010,6.8272
5/14/2010,6.8273
5/17/2010,6.8275
5/18/2010,6.8276
5/19/2010,6.8278
5/20/2010,6.8277
5/21/2010,6.8276
5/24/2010,6.8277
5/25/2010,6.8279
5/26/2010,6.828
5/27/2010,6.8281
5/28/2010,6.8279
5/31/2010,6.828
6/1/2010,6.8279
6/2/2010,6.8281
6/3/2010,6.828
6/4/2010,6.8281
6/7/2010,6.8283
6/8/2010,6.8284
6/9/2010,6.8282
6/10/2010,6.8281
6/11/2010,6.8279
6/17/2010,6.8277
6/18/2010,6.8275
6/21/2010,6.8275
6/22/2010,6.798
6/23/2010,6.8102
6/24/2010,6.81
6/25/2010,6.7896
6/28/2010,6.789
6/29/2010,6.7901
6/30/2010,6.7909
7/1/2010,6.7858
7/2/2010,6.772
7/5/2010,6.7733
7/6/2010,6.779
7/7/2010,6.7781
7/8/2010,6.7768
7/9/2010,6.7753
7/12/2010,6.7718
7/13/2010,6.7802
7/14/2010,6.7755
7/15/2010,6.7741
7/16/2010,6.7718
7/19/2010,6.78
7/20/2010,6.7812
7/21/2010,6.7802
7/22/2010,6.7859
7/23/2010,6.779
7/26/2010,6.7778
7/27/2010,6.7742
7/28/2010,6.7785
7/29/2010,6.7787
7/30/2010,6.775
8/2/2010,6.7742
8/3/2010,6.7722
8/4/2010,6.7715
8/5/2010,6.7783
8/6/2010,6.773
8/9/2010,6.7685
8/10/2010,6.7745
8/11/2010,6.7768
8/12/2010,6.8015
8/13/2010,6.8035
8/16/2010,6.8064
8/17/2010,6.7979
8/18/2010,6.7895
8/19/2010,6.7898
8/20/2010,6.7884
8/23/2010,6.7989
8/24/2010,6.7999
8/25/2010,6.8007
8/26/2010,6.8041
8/27/2010,6.8001
8/30/2010,6.8025
8/31/2010,6.8105
9/1/2010,6.8126
9/2/2010,6.8003
9/3/2010,6.7973
9/6/2010,6.7838
9/7/2010,6.7799
9/8/2010,6.7907
9/9/2010,6.7817
9/10/2010,6.7625
9/13/2010,6.7509
9/14/2010,6.7378
9/15/2010,6.725
9/16/2010,6.7181
9/17/2010,6.7172
9/20/2010,6.711
9/21/2010,6.6997
9/27/2010,6.7098
9/28/2010,6.7051
9/29/2010,6.6936
9/30/2010,6.7011
10/8/2010,6.683
10/11/2010,6.6732
10/12/2010,6.6775
10/13/2010,6.6693
10/14/2010,6.6582
10/15/2010,6.6497
10/18/2010,6.6541
10/19/2010,6.6553
10/20/2010,6.6754
10/21/2010,6.6695
10/22/2010,6.6759
10/25/2010,6.6729
10/26/2010,6.6762
10/27/2010,6.6912
10/28/2010,6.6986
10/29/2010,6.6908
11/1/2010,6.6886
11/2/2010,6.6925
11/3/2010,6.6818
11/4/2010,6.6708
11/5/2010,6.661
11/8/2010,6.6692
11/9/2010,6.658
11/10/2010,6.645
11/11/2010,6.6242
11/12/2010,6.6239
11/15/2010,6.6303
11/16/2010,6.6441
11/17/2010,6.649
11/18/2010,6.6455
11/19/2010,6.6408
11/22/2010,6.6389
11/23/2010,6.6469
11/24/2010,6.6589
11/25/2010,6.6557
11/26/2010,6.6553
11/29/2010,6.67
11/30/2010,6.6762
12/1/2010,6.6786
12/2/2010,6.6691
12/3/2010,6.6605
12/6/2010,6.6515
12/7/2010,6.6565
12/8/2010,6.6616
12/9/2010,6.6654
12/10/2010,6.6604
12/13/2010,6.663
12/14/2010,6.6531
12/15/2010,6.6566
12/16/2010,6.6635
12/17/2010,6.6593
12/20/2010,6.6623
12/21/2010,6.6597
12/22/2010,6.6548
12/23/2010,6.6466
12/24/2010,6.6371
12/27/2010,6.6305
12/28/2010,6.6252
12/29/2010,6.6247
12/30/2010,6.6229
12/31/2010,6.6227
1/4/2011,6.6215
1/5/2011,6.6295
1/6/2011,6.6322
1/7/2011,6.6341
1/10/2011,6.6349
1/11/2011,6.6216
1/12/2011,6.6128
1/13/2011,6.5997
1/14/2011,6.5896
1/17/2011,6.5897
1/18/2011,6.5891
1/19/2011,6.5885
1/20/2011,6.5883
1/21/2011,6.5886
1/24/2011,6.5883
1/25/2011,6.5881
1/26/2011,6.5878
1/27/2011,6.5876
1/28/2011,6.593
1/31/2011,6.5891
2/1/2011,6.586
2/9/2011,6.585
2/10/2011,6.5849
2/11/2011,6.5952
2/14/2011,6.5985
2/15/2011,6.5929
2/16/2011,6.5855
2/17/2011,6.58
2/18/2011,6.5781
2/21/2011,6.5705
2/22/2011,6.5772
2/23/2011,6.5828
2/24/2011,6.5795
2/25/2011,6.5757
2/28/2011,6.5752
3/1/2011,6.5706
3/2/2011,6.5736
3/3/2011,6.5695
3/4/2011,6.5671
3/7/2011,6.5651
3/8/2011,6.5687
3/9/2011,6.5748
3/10/2011,6.5713
3/11/2011,6.575
3/14/2011,6.5701
3/15/2011,6.5679
3/16/2011,6.5718
3/17/2011,6.569
3/18/2011,6.5668
3/21/2011,6.5632
3/22/2011,6.5592
3/23/2011,6.5601
3/24/2011,6.5625
3/25/2011,6.558
3/28/2011,6.5618
3/29/2011,6.5625
3/30/2011,6.5586
3/31/2011,6.5564
4/1/2011,6.5527
4/6/2011,6.5496
4/7/2011,6.5456
4/8/2011,6.542
4/11/2011,6.5401
4/12/2011,6.544
4/13/2011,6.5369
4/14/2011,6.5339
4/15/2011,6.5301
4/18/2011,6.531
4/19/2011,6.5346
4/20/2011,6.5294
4/21/2011,6.5228
4/22/2011,6.5156
4/25/2011,6.5161
4/26/2011,6.5173
4/27/2011,6.5096
4/28/2011,6.5051
4/29/2011,6.499
5/3/2011,6.5002
5/4/2011,6.5013
5/5/2011,6.5025
5/6/2011,6.5003
5/9/2011,6.4988
5/10/2011,6.495
5/11/2011,6.4948
5/12/2011,6.5005
5/13/2011,6.5017
5/16/2011,6.5089
5/17/2011,6.5108
5/18/2011,6.5074
5/19/2011,6.5048
5/20/2011,6.4983
5/23/2011,6.4998
5/24/2011,6.5038
5/25/2011,6.4949
5/26/2011,6.4921
5/27/2011,6.4898
5/30/2011,6.4856
5/31/2011,6.4845
6/1/2011,6.4837
6/2/2011,6.4886
6/3/2011,6.4846
6/7/2011,6.4816
6/8/2011,6.4795
6/9/2011,6.483
6/10/2011,6.4853
6/13/2011,6.4892
6/14/2011,6.4822
6/15/2011,6.4796
6/16/2011,6.4803
6/17/2011,6.4716
6/20/2011,6.4696
6/21/2011,6.469
6/22/2011,6.4683
6/23/2011,6.4736
6/24/2011,6.4742
6/27/2011,6.475
6/28/2011,6.4723
6/29/2011,6.4718
6/30/2011,6.4716
7/1/2011,6.4685
7/4/2011,6.4661
7/5/2011,6.465
7/6/2011,6.4715
7/7/2011,6.4732
7/8/2011,6.4705
7/11/2011,6.4709
7/12/2011,6.4748
7/13/2011,6.4728
7/14/2011,6.464
7/15/2011,6.4665
7/18/2011,6.468
7/19/2011,6.4684
7/20/2011,6.4592
7/21/2011,6.4536
7/22/2011,6.4495
7/25/2011,6.4503
7/26/2011,6.447
7/27/2011,6.4426
7/28/2011,6.4438
7/29/2011,6.4442
8/1/2011,6.4399
8/2/2011,6.4419
8/3/2011,6.4441
8/4/2011,6.4386
8/5/2011,6.4451
8/8/2011,6.4305
8/9/2011,6.4335
8/10/2011,6.4167
8/11/2011,6.3991
8/12/2011,6.3972
8/15/2011,6.395
8/16/2011,6.3925
8/17/2011,6.3996
8/18/2011,6.3942
8/19/2011,6.4032
8/22/2011,6.3997
8/23/2011,6.3987
8/24/2011,6.3896
8/25/2011,6.3936
8/26/2011,6.395
8/29/2011,6.3883
8/30/2011,6.3849
8/31/2011,6.3867
9/1/2011,6.3859
9/2/2011,6.3896
9/5/2011,6.3926
9/6/2011,6.3946
9/7/2011,6.3968
9/8/2011,6.3889
9/9/2011,6.3922
9/13/2011,6.3982
9/14/2011,6.3945
9/15/2011,6.3878
9/16/2011,6.3797
9/19/2011,6.3848
9/20/2011,6.388
9/21/2011,6.3772
9/22/2011,6.3808
9/23/2011,6.384
9/26/2011,6.3735
9/27/2011,6.376
9/28/2011,6.3623
9/29/2011,6.3665
9/30/2011,6.3549
10/10/2011,6.3586
10/11/2011,6.3483
10/12/2011,6.3598
10/13/2011,6.3737
10/14/2011,6.3762
10/17/2011,6.371
10/18/2011,6.3749
10/19/2011,6.3727
10/20/2011,6.3652
10/21/2011,6.3628
10/24/2011,6.3549
10/25/2011,6.3425
10/26/2011,6.3456
10/27/2011,6.3477
10/28/2011,6.329
10/31/2011,6.3233
11/1/2011,6.3293
11/2/2011,6.3297
11/3/2011,6.3198
11/4/2011,6.3165
11/7/2011,6.3212
11/8/2011,6.3247
11/9/2011,6.3207
11/10/2011,6.3329
11/11/2011,6.3317
11/14/2011,6.3301
11/15/2011,6.3436
11/16/2011,6.3509
11/17/2011,6.3553
11/18/2011,6.3548
11/21/2011,6.3522
11/22/2011,6.3555
11/23/2011,6.3498
11/24/2011,6.357
11/25/2011,6.3554
11/28/2011,6.3585
11/29/2011,6.3587
11/30/2011,6.3482
12/1/2011,6.3353
12/2/2011,6.331
12/5/2011,6.3349
12/6/2011,6.3334
12/7/2011,6.3342
12/8/2011,6.3319
12/9/2011,6.3352
12/12/2011,6.3297
12/13/2011,6.3359
12/14/2011,6.3396
12/15/2011,6.3421
12/16/2011,6.3352
12/19/2011,6.3303
12/20/2011,6.3351
12/21/2011,6.3248
12/22/2011,6.3253
12/23/2011,6.3209
12/26/2011,6.3167
12/27/2011,6.3152
12/28/2011,6.3146
12/29/2011,6.3157
12/30/2011,6.3009
1/4/2012,6.3001
1/5/2012,6.3115
1/6/2012,6.3166
1/9/2012,6.3236
1/10/2012,6.3171
1/11/2012,6.3155
1/12/2012,6.323
1/13/2012,6.3201
1/16/2012,6.3306
1/17/2012,6.325
1/18/2012,6.3205
1/19/2012,6.3173
1/20/2012,6.3138
1/30/2012,6.3056
1/31/2012,6.3115
2/1/2012,6.3103
2/2/2012,6.3075
2/3/2012,6.3102
2/6/2012,6.3108
2/7/2012,6.3116
2/8/2012,6.3027
2/9/2012,6.3009
2/10/2012,6.2937
2/13/2012,6.2939
2/14/2012,6.2947
2/15/2012,6.2958
2/16/2012,6.2991
2/17/2012,6.2951
2/20/2012,6.2938
2/21/2012,6.296
2/22/2012,6.2988
2/23/2012,6.3031
2/24/2012,6.2965
2/27/2012,6.2985
2/28/2012,6.2961
2/29/2012,6.2919
3/1/2012,6.3016
3/2/2012,6.298
3/5/2012,6.3121
3/6/2012,6.3141
3/7/2012,6.3213
3/8/2012,6.3235
3/9/2012,6.3073
3/12/2012,6.3282
3/13/2012,6.3259
3/14/2012,6.3328
3/15/2012,6.3359
3/16/2012,6.32
3/19/2012,6.3082
3/20/2012,6.3029
3/21/2012,6.3092
3/22/2012,6.3004
3/23/2012,6.2891
3/26/2012,6.2858
3/27/2012,6.284
3/28/2012,6.2912
3/29/2012,6.2932
3/30/2012,6.2943
4/5/2012,6.3035
4/6/2012,6.3072
4/9/2012,6.3021
4/10/2012,6.3048
4/11/2012,6.3018
4/12/2012,6.2984
4/13/2012,6.2879
4/16/2012,6.296
4/17/2012,6.2896
4/18/2012,6.2948
4/19/2012,6.3004
4/20/2012,6.3042
4/23/2012,6.297
4/24/2012,6.3003
4/25/2012,6.2923
4/26/2012,6.2829
4/27/2012,6.2787
5/2/2012,6.267
5/3/2012,6.2697
5/4/2012,6.2721
5/7/2012,6.2858
5/8/2012,6.2804
5/9/2012,6.2865
5/10/2012,6.2941
5/11/2012,6.2952
5/14/2012,6.304
5/15/2012,6.311
5/16/2012,6.3205
5/17/2012,6.3233
5/18/2012,6.3209
5/21/2012,6.3116
5/22/2012,6.3077
5/23/2012,6.3208
5/24/2012,6.3247
5/25/2012,6.326
5/28/2012,6.3236
5/29/2012,6.3262
5/30/2012,6.3297
5/31/2012,6.3355
6/1/2012,6.3308
6/4/2012,6.3276
6/5/2012,6.3225
6/6/2012,6.3261
6/7/2012,6.317
6/8/2012,6.3188
6/11/2012,6.3169
6/12/2012,6.3292
6/13/2012,6.3271
6/14/2012,6.3191
6/15/2012,6.3089
6/18/2012,6.3005
6/19/2012,6.3016
6/20/2012,6.3004
6/21/2012,6.304
6/25/2012,6.323
6/26/2012,6.3211
6/27/2012,6.3173
6/28/2012,6.319
6/29/2012,6.3249
7/2/2012,6.3146
7/3/2012,6.3178
7/4/2012,6.3121
7/5/2012,6.3193
7/6/2012,6.3249
7/9/2012,6.3293
7/10/2012,6.3195
7/11/2012,6.3209
7/12/2012,6.3215
7/13/2012,6.3247
7/16/2012,6.3208
7/17/2012,6.3167
7/18/2012,6.314
7/19/2012,6.3126
7/20/2012,6.3112
7/23/2012,6.327
7/24/2012,6.3339
7/25/2012,6.3429
7/26/2012,6.3381
7/27/2012,6.3325
7/30/2012,6.3303
7/31/2012,6.332
8/1/2012,6.3305
8/2/2012,6.3392
8/3/2012,6.3421
8/6/2012,6.3353
8/7/2012,6.3332
8/8/2012,6.3378
8/9/2012,6.3387
8/10/2012,6.3447
8/13/2012,6.3456
8/14/2012,6.3443
8/15/2012,6.3482
8/16/2012,6.3495
8/17/2012,6.3449
8/20/2012,6.3478
8/21/2012,6.3418
8/22/2012,6.3348
8/23/2012,6.3316
8/24/2012,6.3305
8/27/2012,6.3392
8/28/2012,6.3411
8/29/2012,6.3391
8/30/2012,6.3435
8/31/2012,6.3449
9/3/2012,6.3415
9/4/2012,6.3402
9/5/2012,6.346
9/6/2012,6.3439
9/7/2012,6.3412
9/10/2012,6.3375
9/11/2012,6.3391
9/12/2012,6.3355
9/13/2012,6.3338
9/14/2012,6.3317
9/17/2012,6.3295
9/18/2012,6.3353
9/19/2012,6.3392
9/20/2012,6.338
9/21/2012,6.3426
9/24/2012,6.3411
9/25/2012,6.343
9/26/2012,6.3443
9/27/2012,6.3459
9/28/2012,6.341
10/8/2012,6.3426
10/9/2012,6.3441
10/10/2012,6.3449
10/11/2012,6.3391
10/12/2012,6.3264
10/15/2012,6.3112
10/16/2012,6.3106
10/17/2012,6.3028
10/18/2012,6.3021
10/19/2012,6.3052
10/22/2012,6.3071
10/23/2012,6.3078
10/24/2012,6.3081
10/25/2012,6.3047
10/26/2012,6.301
10/29/2012,6.2992
10/30/2012,6.3028
10/31/2012,6.3002
11/1/2012,6.3017
11/2/2012,6.3045
11/5/2012,6.3082
11/6/2012,6.3078
11/7/2012,6.3067
11/8/2012,6.306
11/9/2012,6.3012
11/12/2012,6.292
11/13/2012,6.2891
11/14/2012,6.2881
11/15/2012,6.2905
11/16/2012,6.2945
11/19/2012,6.2975
11/20/2012,6.2926
11/21/2012,6.2908
11/22/2012,6.2918
11/23/2012,6.2906
11/26/2012,6.2884
11/27/2012,6.2852
11/28/2012,6.2902
11/29/2012,6.291
11/30/2012,6.2892
12/3/2012,6.2908
12/4/2012,6.2885
12/5/2012,6.2871
12/6/2012,6.2911
12/7/2012,6.293
12/10/2012,6.2922
12/11/2012,6.2906
12/12/2012,6.2883
12/13/2012,6.2887
12/14/2012,6.2923
12/17/2012,6.2892
12/18/2012,6.288
12/19/2012,6.2865
12/20/2012,6.2877
12/21/2012,6.2881
12/24/2012,6.2913
12/25/2012,6.2931
12/26/2012,6.2943
12/27/2012,6.2949
12/28/2012,6.2896
12/31/2012,6.2855
1/4/2013,6.2897
1/7/2013,6.2872
1/8/2013,6.2804
1/9/2013,6.2814
1/10/2013,6.2793
1/11/2013,6.2712
1/14/2013,6.2695
1/15/2013,6.2691
1/16/2013,6.2745
1/17/2013,6.2767
1/18/2013,6.2752
1/21/2013,6.279
1/22/2013,6.2796
1/23/2013,6.2762
1/24/2013,6.2783
1/25/2013,6.2805
1/28/2013,6.2818
1/29/2013,6.2851
1/30/2013,6.2806
1/31/2013,6.2795
2/1/2013,6.2819
2/4/2013,6.286
2/5/2013,6.285
2/6/2013,6.2881
2/7/2013,6.2898
2/8/2013,6.2793
2/18/2013,6.2816
2/19/2013,6.2821
2/20/2013,6.2804
2/21/2013,6.2846
2/22/2013,6.2871
2/25/2013,6.2892
2/26/2013,6.2856
2/27/2013,6.2842
2/28/2013,6.2779
3/1/2013,6.2798
3/4/2013,6.2822
3/5/2013,6.2797
3/6/2013,6.2745
3/7/2013,6.2785
3/8/2013,6.2719
3/11/2013,6.2769
3/12/2013,6.2746
3/13/2013,6.2726
3/14/2013,6.2752
3/15/2013,6.2723
3/18/2013,6.2741
3/19/2013,6.2758
3/20/2013,6.2716
3/21/2013,6.2731
3/22/2013,6.2711
3/25/2013,6.2692
3/26/2013,6.2715
3/27/2013,6.2727
3/28/2013,6.2742
3/29/2013,6.2689
4/1/2013,6.2674
4/2/2013,6.2586
4/3/2013,6.2609
4/8/2013,6.265
4/9/2013,6.2639
4/10/2013,6.2548
4/11/2013,6.2578
4/12/2013,6.2506
4/15/2013,6.2454
4/16/2013,6.2408
4/17/2013,6.2342
4/18/2013,6.2416
4/19/2013,6.2395
4/22/2013,6.2415
4/23/2013,6.236
4/24/2013,6.2384
4/25/2013,6.23
4/26/2013,6.2208
5/2/2013,6.2082
5/3/2013,6.2152
5/6/2013,6.2114
5/7/2013,6.2083
5/8/2013,6.198
5/9/2013,6.1925
5/10/2013,6.2016
5/13/2013,6.2072
5/14/2013,6.2035
5/15/2013,6.207
5/16/2013,6.2096
5/17/2013,6.1997
5/20/2013,6.1998
5/21/2013,6.1911
5/22/2013,6.1904
5/23/2013,6.1947
5/24/2013,6.1867
5/27/2013,6.1811
5/28/2013,6.1818
5/29/2013,6.1856
5/30/2013,6.182
5/31/2013,6.1796
6/3/2013,6.1806
6/4/2013,6.1735
6/5/2013,6.1757
6/6/2013,6.1737
6/7/2013,6.162
6/13/2013,6.1612
6/14/2013,6.1607
6/17/2013,6.1598
6/18/2013,6.1651
6/19/2013,6.1677
6/20/2013,6.1698
6/21/2013,6.1766
6/24/2013,6.1807
6/25/2013,6.1767
6/26/2013,6.1779
6/27/2013,6.1797
6/28/2013,6.1787
7/1/2013,6.1805
7/2/2013,6.1773
7/3/2013,6.1803
7/4/2013,6.1755
7/5/2013,6.179
7/8/2013,6.1807
7/9/2013,6.173
7/10/2013,6.1652
7/11/2013,6.1599
7/12/2013,6.1631
7/15/2013,6.1663
7/16/2013,6.1692
7/17/2013,6.1652
7/18/2013,6.172
7/19/2013,6.1751
7/22/2013,6.1721
7/23/2013,6.1702
7/24/2013,6.1695
7/25/2013,6.1759
7/26/2013,6.172
7/29/2013,6.1705
7/30/2013,6.177
7/31/2013,6.1788
8/1/2013,6.1778
8/2/2013,6.1817
8/5/2013,6.1767
8/6/2013,6.1753
8/7/2013,6.1726
8/8/2013,6.1703
8/9/2013,6.1668
8/12/2013,6.1665
8/13/2013,6.1705
8/14/2013,6.172
8/15/2013,6.1696
8/16/2013,6.1666
8/19/2013,6.169
8/20/2013,6.1697
8/21/2013,6.1675
8/22/2013,6.1698
8/23/2013,6.171
8/26/2013,6.168
8/27/2013,6.1688
8/28/2013,6.1667
8/29/2013,6.169
8/30/2013,6.1709
9/2/2013,6.1702
9/3/2013,6.1718
9/4/2013,6.1729
9/5/2013,6.1696
9/6/2013,6.1728
9/9/2013,6.1642
9/10/2013,6.1612
9/11/2013,6.1601
9/12/2013,6.1575
9/13/2013,6.1578
9/16/2013,6.1554
9/17/2013,6.1571
9/18/2013,6.1557
9/23/2013,6.1475
9/24/2013,6.1485
9/25/2013,6.1497
9/26/2013,6.1477
9/27/2013,6.1495
9/30/2013,6.148
10/8/2013,6.1415
10/9/2013,6.143
10/10/2013,6.1452
10/11/2013,6.1458
10/14/2013,6.1406
10/15/2013,6.1412
10/16/2013,6.1408
10/17/2013,6.1431
10/18/2013,6.1372
10/21/2013,6.1352
10/22/2013,6.1395
10/23/2013,6.133
10/24/2013,6.1335
10/25/2013,6.1333
10/28/2013,6.1336
10/29/2013,6.1373
10/30/2013,6.1412
10/31/2013,6.1425
11/1/2013,6.1452
11/4/2013,6.1482
11/5/2013,6.1447
11/6/2013,6.1475
11/7/2013,6.145
11/8/2013,6.1355
11/11/2013,6.139
11/12/2013,6.136
11/13/2013,6.1342
11/14/2013,6.1315
11/15/2013,6.1351
11/18/2013,6.1332
11/19/2013,6.1317
11/20/2013,6.1305
11/21/2013,6.1366
11/22/2013,6.138
11/25/2013,6.1342
11/26/2013,6.1357
11/27/2013,6.133
11/28/2013,6.1343
11/29/2013,6.1325
12/2/2013,6.1329
12/3/2013,6.1352
12/4/2013,6.13
12/5/2013,6.131
12/6/2013,6.1232
12/9/2013,6.113
12/10/2013,6.1114
12/11/2013,6.11
12/12/2013,6.1115
12/13/2013,6.1148
12/16/2013,6.1124
12/17/2013,6.1108
12/18/2013,6.1105
12/19/2013,6.1183
12/20/2013,6.1196
12/23/2013,6.1161
12/24/2013,6.1145
12/25/2013,6.116
12/26/2013,6.1156
12/27/2013,6.105
12/30/2013,6.1024
12/31/2013,6.0969
1/2/2014,6.099
1/3/2014,6.1039
1/6/2014,6.1059
1/7/2014,6.1042
1/8/2014,6.1079
1/9/2014,6.1109
1/10/2014,6.1008
1/13/2014,6.095
1/14/2014,6.093
1/15/2014,6.1005
1/16/2014,6.1065
1/17/2014,6.1041
1/20/2014,6.1083
1/21/2014,6.1066
1/22/2014,6.1087
1/23/2014,6.1107
1/24/2014,6.1035
1/27/2014,6.1022
1/28/2014,6.1053
1/29/2014,6.1073
1/30/2014,6.105
2/7/2014,6.1089
2/10/2014,6.1083
2/11/2014,6.1069
2/12/2014,6.1078
2/13/2014,6.11
2/14/2014,6.107
2/17/2014,6.1053
2/18/2014,6.1073
2/19/2014,6.1103
2/20/2014,6.1146
2/21/2014,6.1176
2/24/2014,6.1189
2/25/2014,6.1184
2/26/2014,6.1192
2/27/2014,6.1224
2/28/2014,6.1214
3/3/2014,6.119
3/4/2014,6.1236
3/5/2014,6.1257
3/6/2014,6.1249
3/7/2014,6.1201
3/10/2014,6.1312
3/11/2014,6.1327
3/12/2014,6.1343
3/13/2014,6.132
3/14/2014,6.1346
3/17/2014,6.1321
3/18/2014,6.1341
3/19/2014,6.1351
3/20/2014,6.146
3/21/2014,6.1475
3/24/2014,6.1452
3/25/2014,6.1426
3/26/2014,6.144
3/27/2014,6.1465
3/28/2014,6.149
3/31/2014,6.1521
4/1/2014,6.1503
4/2/2014,6.1493
4/3/2014,6.152
4/4/2014,6.1557
4/8/2014,6.1527
4/9/2014,6.149
4/10/2014,6.151
4/11/2014,6.1495
4/14/2014,6.1531
4/15/2014,6.1571
4/16/2014,6.1589
4/17/2014,6.1575
4/18/2014,6.1586
4/21/2014,6.1591
4/22/2014,6.161
4/23/2014,6.1599
4/24/2014,6.1589
4/25/2014,6.1576
4/28/2014,6.1565
4/29/2014,6.1556
4/30/2014,6.158
5/5/2014,6.156
5/6/2014,6.1565
5/7/2014,6.1542
5/8/2014,6.1557
5/9/2014,6.1581
5/12/2014,6.1625
5/13/2014,6.1636
5/14/2014,6.1653
5/15/2014,6.164
5/16/2014,6.1628
5/19/2014,6.1636
5/20/2014,6.1626
5/21/2014,6.1645
5/22/2014,6.1658
5/23/2014,6.1681
5/26/2014,6.1699
5/27/2014,6.1687
5/28/2014,6.1694
5/29/2014,6.1705
5/30/2014,6.1695
6/3/2014,6.171
6/4/2014,6.1693
6/5/2014,6.1708
6/6/2014,6.1623
6/9/2014,6.1485
6/10/2014,6.1451
6/11/2014,6.1506
6/12/2014,6.1516
6/13/2014,6.1503
6/16/2014,6.1537
6/17/2014,6.1529
6/18/2014,6.1559
6/19/2014,6.1531
6/20/2014,6.1524
6/23/2014,6.1557
6/24/2014,6.1545
6/25/2014,6.1555
6/26/2014,6.1538
6/27/2014,6.1543
6/30/2014,6.1528
7/1/2014,6.1523
7/2/2014,6.1549
7/3/2014,6.1581
7/4/2014,6.1642
7/7/2014,6.1658
7/8/2014,6.1626
7/9/2014,6.1565
7/10/2014,6.1443
7/11/2014,6.1469
7/14/2014,6.1485
7/15/2014,6.149
7/16/2014,6.1535
7/17/2014,6.1564
7/18/2014,6.1568
7/21/2014,6.1547
7/22/2014,6.1544
7/23/2014,6.1572
7/24/2014,6.1579
7/25/2014,6.1597
7/28/2014,6.1622
7/29/2014,6.1615
7/30/2014,6.1645
7/31/2014,6.1675
8/1/2014,6.1681
8/4/2014,6.1661
8/5/2014,6.1655
8/6/2014,6.1681
8/7/2014,6.167
8/8/2014,6.1562
8/11/2014,6.1522
8/12/2014,6.1517
8/13/2014,6.1533
8/14/2014,6.1545
8/15/2014,6.1538
8/18/2014,6.1528
8/19/2014,6.1548
8/20/2014,6.158
8/21/2014,6.1632
8/22/2014,6.1617
8/25/2014,6.1653
8/26/2014,6.1663
8/27/2014,6.1658
8/28/2014,6.1638
8/29/2014,6.1647
9/1/2014,6.168
9/2/2014,6.1684
9/3/2014,6.1697
9/4/2014,6.1666
9/5/2014,6.1707
9/9/2014,6.152
9/10/2014,6.1425
9/11/2014,6.1453
9/12/2014,6.1468
9/15/2014,6.1452
9/16/2014,6.1462
9/17/2014,6.145
9/18/2014,6.149
9/19/2014,6.1455
9/22/2014,6.1485
9/23/2014,6.147
9/24/2014,6.1462
9/25/2014,6.1497
9/26/2014,6.1508
9/29/2014,6.1539
9/30/2014,6.1525
10/8/2014,6.1493
10/9/2014,6.1461
10/10/2014,6.147
10/13/2014,6.1446
10/14/2014,6.1408
10/15/2014,6.1455
10/16/2014,6.1395
10/17/2014,6.1407
10/20/2014,6.1435
10/21/2014,6.141
10/22/2014,6.1437
10/23/2014,6.1459
10/24/2014,6.1467
10/27/2014,6.1446
10/28/2014,6.1421
10/29/2014,6.1405
10/30/2014,6.1457
10/31/2014,6.1461
11/3/2014,6.1525
11/4/2014,6.1543
11/5/2014,6.1503
11/6/2014,6.1565
11/7/2014,6.1602
11/10/2014,6.1377
11/11/2014,6.1413
11/12/2014,6.1428
11/13/2014,6.1418
11/14/2014,6.1399
11/17/2014,6.1409
11/18/2014,6.143
11/19/2014,6.1397
11/20/2014,6.1417
11/21/2014,6.1387
11/24/2014,6.142
11/25/2014,6.139
11/26/2014,6.1354
11/27/2014,6.132
11/28/2014,6.1345
12/1/2014,6.1369
12/2/2014,6.1325
12/3/2014,6.1376
12/4/2014,6.1411
12/5/2014,6.1373
12/8/2014,6.1282
12/9/2014,6.1231
12/10/2014,6.1195
12/11/2014,6.1153
12/12/2014,6.1184
12/15/2014,6.1152
12/16/2014,6.1182
12/17/2014,6.1137
12/18/2014,6.1195
12/19/2014,6.1205
12/22/2014,6.122
12/23/2014,6.123
12/24/2014,6.1247
12/25/2014,6.1213
12/26/2014,6.1186
12/29/2014,6.1205
12/30/2014,6.1224
12/31/2014,6.119
1/5/2015,6.1248
1/6/2015,6.1256
1/7/2015,6.1269
1/8/2015,6.1302
1/9/2015,6.1296
1/12/2015,6.1233
1/13/2015,6.1195
1/14/2015,6.1205
1/15/2015,6.1193
1/16/2015,6.1188
1/19/2015,6.123
1/20/2015,6.1226
1/21/2015,6.1268
1/22/2015,6.1247
1/23/2015,6.1342
1/26/2015,6.1384
1/27/2015,6.1364
1/28/2015,6.1282
1/29/2015,6.1335
1/30/2015,6.137
2/2/2015,6.1385
2/3/2015,6.1369
2/4/2015,6.1318
2/5/2015,6.1366
2/6/2015,6.1261
2/9/2015,6.1311
2/10/2015,6.1295
2/11/2015,6.1315
2/12/2015,6.1333
2/13/2015,6.1288
2/16/2015,6.1273
2/17/2015,6.133
2/25/2015,6.1384
2/26/2015,6.1379
2/27/2015,6.1475
3/2/2015,6.1513
3/3/2015,6.1543
3/4/2015,6.1525
3/5/2015,6.1528
3/6/2015,6.1533
3/9/2015,6.1563
3/10/2015,6.1572
3/11/2015,6.1597
3/12/2015,6.1617
3/13/2015,6.1588
3/16/2015,6.1615
3/17/2015,6.1585
3/18/2015,6.1556
3/19/2015,6.146
3/20/2015,6.1496
3/23/2015,6.1448
3/24/2015,6.1398
3/25/2015,6.141
3/26/2015,6.1375
3/27/2015,6.1397
3/30/2015,6.1402
3/31/2015,6.1422
4/1/2015,6.1434
4/2/2015,6.1396
4/3/2015,6.1348
4/7/2015,6.1305
4/8/2015,6.1345
4/9/2015,6.1338
4/10/2015,6.137
4/13/2015,6.1395
4/14/2015,6.1407
4/15/2015,6.134
4/16/2015,6.1305
4/17/2015,6.1267
4/20/2015,6.1255
4/21/2015,6.128
4/22/2015,6.129
4/23/2015,6.1281
4/24/2015,6.1241
4/27/2015,6.122
4/28/2015,6.1209
4/29/2015,6.1169
4/30/2015,6.1137
5/4/2015,6.1165
5/5/2015,6.118
5/6/2015,6.1156
5/7/2015,6.1113
5/8/2015,6.1147
5/11/2015,6.1132
5/12/2015,6.1155
5/13/2015,6.1123
5/14/2015,6.1093
5/15/2015,6.1085
5/18/2015,6.1079
5/19/2015,6.1098
5/20/2015,6.1125
5/21/2015,6.1139
5/22/2015,6.1131
5/25/2015,6.1165
5/26/2015,6.1172
5/27/2015,6.1198
5/28/2015,6.1202
5/29/2015,6.1196
6/1/2015,6.1207
6/2/2015,6.1225
6/3/2015,6.1176
6/4/2015,6.1164
6/5/2015,6.1181
6/8/2015,6.1205
6/9/2015,6.1179
6/10/2015,6.1173
6/11/2015,6.115
6/12/2015,6.1167
6/15/2015,6.1169
6/16/2015,6.1155
6/17/2015,6.1158
6/18/2015,6.1126
6/19/2015,6.1104
6/23/2015,6.1119
6/24/2015,6.1142
6/25/2015,6.1148
6/26/2015,6.1137
6/29/2015,6.1168
6/30/2015,6.1136
7/1/2015,6.1149
7/2/2015,6.1171
7/3/2015,6.116
7/6/2015,6.1172
7/7/2015,6.1166
7/8/2015,6.1175
7/9/2015,6.1151
7/10/2015,6.1153
7/13/2015,6.1133
7/14/2015,6.1165
7/15/2015,6.1152
7/16/2015,6.1173
7/17/2015,6.1192
7/20/2015,6.1197
7/21/2015,6.1199
7/22/2015,6.1168
7/23/2015,6.1172
7/24/2015,6.1169
7/27/2015,6.1176
7/28/2015,6.1154
7/29/2015,6.115
7/30/2015,6.1165
7/31/2015,6.1172
8/3/2015,6.1169
8/4/2015,6.1177
8/5/2015,6.1186
8/6/2015,6.1181
8/7/2015,6.1174
8/10/2015,6.1162
8/11/2015,6.1162
8/12/2015,6.3306
8/13/2015,6.401
8/14/2015,6.3975
8/17/2015,6.3969
8/18/2015,6.3966
8/19/2015,6.3963
8/20/2015,6.3915
8/21/2015,6.3864
8/24/2015,6.3862
8/25/2015,6.3987
8/26/2015,6.4043
8/27/2015,6.4085
8/28/2015,6.3986
8/31/2015,6.3893
9/1/2015,6.3752
9/2/2015,6.3619
9/7/2015,6.3584
9/8/2015,6.3639
9/9/2015,6.3632
9/10/2015,6.3772
9/11/2015,6.3719
9/14/2015,6.3709
9/15/2015,6.3665
9/16/2015,6.3712
9/17/2015,6.367
9/18/2015,6.3607
9/21/2015,6.3676
9/22/2015,6.3721
9/23/2015,6.3773
9/24/2015,6.3791
9/25/2015,6.3785
9/28/2015,6.3729
9/29/2015,6.366
9/30/2015,6.3613
10/8/2015,6.3505
10/9/2015,6.3493
10/12/2015,6.3406
10/13/2015,6.3231
10/14/2015,6.3408
10/15/2015,6.3402
10/16/2015,6.3436
10/19/2015,6.3527
10/20/2015,6.3614
10/21/2015,6.3473
10/22/2015,6.3497
10/23/2015,6.3595
10/26/2015,6.3549
10/27/2015,6.3494
10/28/2015,6.3536
10/29/2015,6.3596
10/30/2015,6.3495
11/2/2015,6.3154
11/3/2015,6.331
11/4/2015,6.3343
11/5/2015,6.3381
11/6/2015,6.3459
11/9/2015,6.3578
11/10/2015,6.3602
11/11/2015,6.3614
11/12/2015,6.3628
11/13/2015,6.3655
11/16/2015,6.375
11/17/2015,6.374
11/18/2015,6.3796
11/19/2015,6.3791
11/20/2015,6.378
11/23/2015,6.3867
11/24/2015,6.3888
11/25/2015,6.3877
11/26/2015,6.3896
11/27/2015,6.3915
11/30/2015,6.3962
12/1/2015,6.3973
12/2/2015,6.3958
12/3/2015,6.3982
12/4/2015,6.3851
12/7/2015,6.3985
12/8/2015,6.4078
12/9/2015,6.414
12/10/2015,6.4236
12/11/2015,6.4358
12/14/2015,6.4495
12/15/2015,6.4559
12/16/2015,6.4626
12/17/2015,6.4757
12/18/2015,6.4814
12/21/2015,6.4753
12/22/2015,6.4746
12/23/2015,6.4731
12/24/2015,6.4755
12/25/2015,6.4713
12/28/2015,6.475
12/29/2015,6.4864
12/30/2015,6.4895
12/31/2015,6.4936
1/4/2016,6.5032
1/5/2016,6.5169
1/6/2016,6.5314
1/7/2016,6.5646
1/8/2016,6.5636
1/11/2016,6.5626
1/12/2016,6.5628
1/13/2016,6.563
1/14/2016,6.5616
1/15/2016,6.5637
1/18/2016,6.559
1/19/2016,6.5596
1/20/2016,6.5578
1/21/2016,6.5585
1/22/2016,6.5572
1/25/2016,6.5557
1/26/2016,6.5548
1/27/2016,6.5533
1/28/2016,6.5528
1/29/2016,6.5516
2/1/2016,6.5539
2/2/2016,6.551
2/3/2016,6.5521
2/4/2016,6.5419
2/5/2016,6.5314
2/15/2016,6.5118
2/16/2016,6.513
2/17/2016,6.5237
2/18/2016,6.5152
2/19/2016,6.5186
2/22/2016,6.5165
2/23/2016,6.5273
2/24/2016,6.5302
2/25/2016,6.5318
2/26/2016,6.5338
2/29/2016,6.5452
3/1/2016,6.5385
3/2/2016,6.549
3/3/2016,6.5412
3/4/2016,6.5284
3/7/2016,6.5113
3/8/2016,6.5041
3/9/2016,6.5106
3/10/2016,6.5127
3/11/2016,6.4905
3/14/2016,6.4913
3/15/2016,6.5079
3/16/2016,6.5172
3/17/2016,6.4961
3/18/2016,6.4628
3/21/2016,6.4824
3/22/2016,6.4971
3/23/2016,6.4936
3/24/2016,6.515
3/25/2016,6.5223
3/28/2016,6.5232
3/29/2016,6.506
3/30/2016,6.4841
3/31/2016,6.4612
4/1/2016,6.4585
4/5/2016,6.4663
4/6/2016,6.4754
4/7/2016,6.4707
4/8/2016,6.4733
4/11/2016,6.4649
4/12/2016,6.4616
4/13/2016,6.4591
4/14/2016,6.4891
4/15/2016,6.4908
4/18/2016,6.4787
4/19/2016,6.47
4/20/2016,6.4579
4/21/2016,6.4803
4/22/2016,6.4898
4/25/2016,6.512
4/26/2016,6.4882
4/27/2016,6.4837
4/28/2016,6.4954
4/29/2016,6.4589
5/3/2016,6.4565
5/4/2016,6.4943
5/5/2016,6.5128
5/6/2016,6.5202
5/9/2016,6.5105
5/10/2016,6.5233
5/11/2016,6.5209
5/12/2016,6.4959
5/13/2016,6.5246
5/16/2016,6.5343
5/17/2016,6.52
5/18/2016,6.5216
5/19/2016,6.5531
5/20/2016,6.551
5/23/2016,6.5455
5/24/2016,6.5468
5/25/2016,6.5468
5/26/2016,6.5552
5/27/2016,6.549
5/30/2016,6.5784
5/31/2016,6.579
6/1/2016,6.5889
6/2/2016,6.5688
6/3/2016,6.5793
6/6/2016,6.5497
6/7/2016,6.5618
6/8/2016,6.5593
6/13/2016,6.5805
6/14/2016,6.5791
6/15/2016,6.6001
6/16/2016,6.5739
6/17/2016,6.5795
6/20/2016,6.5708
6/21/2016,6.5656
6/22/2016,6.5935
6/23/2016,6.5658
6/24/2016,6.5776
6/27/2016,6.6375
6/28/2016,6.6528
6/29/2016,6.6324
6/30/2016,6.6312
7/1/2016,6.6496
7/4/2016,6.6472
7/5/2016,6.6594
7/6/2016,6.6857
7/7/2016,6.682
7/8/2016,6.6853
7/11/2016,6.6843
7/12/2016,6.695
7/13/2016,6.6891
7/14/2016,6.6891
7/15/2016,6.6805
7/18/2016,6.6961
7/19/2016,6.6971
7/20/2016,6.6946
7/21/2016,6.6872
7/22/2016,6.6669
7/25/2016,6.686
7/26/2016,6.6778
7/27/2016,6.6671
7/28/2016,6.6597
7/29/2016,6.6511
8/1/2016,6.6277
8/2/2016,6.6451
8/3/2016,6.6195
8/4/2016,6.6444
8/5/2016,6.6406
8/8/2016,6.6615
8/9/2016,6.6594
8/10/2016,6.653
8/11/2016,6.6255
8/12/2016,6.6543
8/15/2016,6.643
8/16/2016,6.6305
8/17/2016,6.6056
8/18/2016,6.6273
8/19/2016,6.6211
8/22/2016,6.6652
8/23/2016,6.6586
8/24/2016,6.642
8/25/2016,6.6602
8/26/2016,6.6488
8/29/2016,6.6856
8/30/2016,6.6812
8/31/2016,6.6908
9/1/2016,6.6784
9/2/2016,6.6727
9/5/2016,6.6873
9/6/2016,6.6676
9/7/2016,6.6555
9/8/2016,6.662
9/9/2016,6.6684
9/12/2016,6.6908
9/13/2016,6.6726
9/14/2016,6.6895
9/19/2016,6.6786
9/20/2016,6.6595
9/21/2016,6.6738
9/22/2016,6.6513
9/23/2016,6.667
9/26/2016,6.6744
9/27/2016,6.6646
9/28/2016,6.6681
9/29/2016,6.67
9/30/2016,6.6778
10/10/2016,6.7008
10/11/2016,6.7098
10/12/2016,6.7258
10/13/2016,6.7296
10/14/2016,6.7157
10/17/2016,6.7379
10/18/2016,6.7303
10/19/2016,6.7326
10/20/2016,6.7311
10/21/2016,6.7558
10/24/2016,6.769
10/25/2016,6.7744
10/26/2016,6.7705
10/27/2016,6.7736
10/28/2016,6.7858
10/31/2016,6.7641
11/1/2016,6.7734
11/2/2016,6.7562
11/3/2016,6.7491
11/4/2016,6.7514
11/7/2016,6.7725
11/8/2016,6.7817
11/9/2016,6.7832
11/10/2016,6.7885
11/11/2016,6.8115
11/14/2016,6.8291
11/15/2016,6.8495
11/16/2016,6.8592
11/17/2016,6.8692
11/18/2016,6.8796
11/21/2016,6.8985
11/22/2016,6.8779
11/23/2016,6.8904
11/24/2016,6.9085
11/25/2016,6.9168
11/28/2016,6.9042
11/29/2016,6.8889
11/30/2016,6.8865
12/1/2016,6.8958
12/2/2016,6.8794
12/5/2016,6.887
12/6/2016,6.8575
12/7/2016,6.8808
12/8/2016,6.8731
12/9/2016,6.8972
12/12/2016,6.9086
12/13/2016,6.8934
12/14/2016,6.9028
12/15/2016,6.9289
12/16/2016,6.9508
12/19/2016,6.9312
12/20/2016,6.9468
12/21/2016,6.9489
12/22/2016,6.9435
12/23/2016,6.9463
12/26/2016,6.9459
12/27/2016,6.9462
12/28/2016,6.9495
12/29/2016,6.9497
12/30/2016,6.937
1/3/2017,6.9498
1/4/2017,6.9526
1/5/2017,6.9307
1/6/2017,6.8668
1/9/2017,6.9262
1/10/2017,6.9234
1/11/2017,6.9235
1/12/2017,6.9141
1/13/2017,6.8909
1/16/2017,6.8874
1/17/2017,6.8992
1/18/2017,6.8525
1/19/2017,6.8568
1/20/2017,6.8693
1/23/2017,6.8572
1/24/2017,6.8331
1/25/2017,6.8596
1/26/2017,6.8588
2/3/2017,6.8556
2/6/2017,6.8606
2/7/2017,6.8604
2/8/2017,6.8849
2/9/2017,6.871
2/10/2017,6.8819
2/13/2017,6.8898
2/14/2017,6.8806
2/15/2017,6.8632
2/16/2017,6.8629
2/17/2017,6.8456
2/20/2017,6.8743
2/21/2017,6.879
2/22/2017,6.883
2/23/2017,6.8695
2/24/2017,6.8655
2/27/2017,6.8814
2/28/2017,6.875
