Date,SHIBOR
1/4/2007,2.5774
1/5/2007,2.5717
1/8/2007,2.5588
1/9/2007,2.5572
1/10/2007,2.5463
1/11/2007,2.5343
1/12/2007,2.5254
1/15/2007,2.5207
1/16/2007,2.5168
1/17/2007,2.5167
1/18/2007,2.5171
1/19/2007,2.5173
1/22/2007,2.518
1/23/2007,2.518
1/24/2007,2.5184
1/25/2007,2.5185
1/26/2007,2.5186
1/29/2007,2.5194
1/30/2007,2.5195
1/31/2007,2.5196
2/1/2007,2.5236
2/2/2007,2.5286
2/5/2007,2.6652
2/6/2007,2.8405
2/7/2007,3.0862
2/8/2007,3.266
2/9/2007,3.6175
2/12/2007,4.0491
2/13/2007,4.0089
2/14/2007,3.9566
2/15/2007,3.162
2/16/2007,2.8076
2/17/2007,2.6557
2/25/2007,2.7036
2/26/2007,2.6964
2/27/2007,2.6891
2/28/2007,2.5326
3/1/2007,2.4624
3/2/2007,2.4225
3/5/2007,2.3073
3/6/2007,2.2561
3/7/2007,2.26
3/8/2007,2.2615
3/9/2007,2.2616
3/12/2007,2.2587
3/13/2007,2.2498
3/14/2007,2.227
3/15/2007,2.2302
3/16/2007,2.2503
3/19/2007,2.3381
3/20/2007,2.3896
3/21/2007,2.411
3/22/2007,2.4212
3/23/2007,2.4365
3/26/2007,2.4588
3/27/2007,2.4983
3/28/2007,2.5819
3/29/2007,2.6427
3/30/2007,2.6809
4/2/2007,2.6955
4/3/2007,2.7075
4/4/2007,2.7333
4/5/2007,2.7559
4/6/2007,2.8552
4/9/2007,2.9228
4/10/2007,2.9863
4/11/2007,3.0406
4/12/2007,3.0465
4/13/2007,3.0815
4/16/2007,3.3444
4/17/2007,3.4674
4/18/2007,3.7489
4/19/2007,4.197
4/20/2007,4.33
4/23/2007,4.4014
4/24/2007,4.4443
4/25/2007,4.3539
4/26/2007,4.1441
4/27/2007,3.8855
4/28/2007,2.9779
4/29/2007,2.7349
4/30/2007,2.5498
5/8/2007,2.6505
5/9/2007,2.7114
5/10/2007,2.77
5/11/2007,3.0365
5/14/2007,3.176
5/15/2007,3.14
5/16/2007,3.1272
5/17/2007,3.0121
5/18/2007,2.9143
5/21/2007,2.973
5/22/2007,2.999
5/23/2007,3.0109
5/24/2007,3.0169
5/25/2007,3.0193
5/28/2007,3.0141
5/29/2007,3.0144
5/30/2007,3.0177
5/31/2007,3.0327
6/1/2007,3.0357
6/4/2007,3.0444
6/5/2007,3.0399
6/6/2007,3.0316
6/7/2007,2.9691
6/8/2007,2.973
6/11/2007,2.9713
6/12/2007,2.9938
6/13/2007,3.0056
6/14/2007,3.034
6/15/2007,3.0495
6/18/2007,3.1327
6/19/2007,3.1336
6/20/2007,3.1271
6/21/2007,3.0932
6/22/2007,3.0729
6/25/2007,3.0617
6/26/2007,3.0051
6/27/2007,2.9985
6/28/2007,2.9996
6/29/2007,3.0502
7/2/2007,3.0808
7/3/2007,3.0706
7/4/2007,3.0354
7/5/2007,3.0262
7/6/2007,3.093
7/9/2007,3.1432
7/10/2007,3.2286
7/11/2007,3.266
7/12/2007,3.239
7/13/2007,3.2419
7/16/2007,3.2539
7/17/2007,3.1797
7/18/2007,3.0513
7/19/2007,3.0203
7/20/2007,3.0105
7/23/2007,3.0155
7/24/2007,3.0184
7/25/2007,3.0015
7/26/2007,2.9941
7/27/2007,2.9719
7/30/2007,2.9758
7/31/2007,2.9778
8/1/2007,2.9768
8/2/2007,2.9689
8/3/2007,2.9537
8/6/2007,2.9092
8/7/2007,2.8805
8/8/2007,2.8678
8/9/2007,2.8613
8/10/2007,2.8564
8/13/2007,2.8387
8/14/2007,2.8255
8/15/2007,2.8194
8/16/2007,2.8077
8/17/2007,2.809
8/20/2007,2.8073
8/21/2007,2.7686
8/22/2007,2.815
8/23/2007,2.7979
8/24/2007,2.7709
8/27/2007,2.6983
8/28/2007,2.751
8/29/2007,2.824
8/30/2007,2.8587
8/31/2007,2.8846
9/3/2007,2.9081
9/4/2007,2.9625
9/5/2007,3.0903
9/6/2007,3.2956
9/7/2007,3.4738
9/10/2007,3.8531
9/11/2007,4.1363
9/12/2007,4.2871
9/13/2007,4.4456
9/14/2007,4.6451
9/17/2007,5.3337
9/18/2007,5.8717
9/19/2007,6.3635
9/20/2007,7.0789
9/21/2007,7.2733
9/24/2007,7.1055
9/25/2007,7.1711
9/26/2007,7.0256
9/27/2007,6.6504
9/28/2007,3.4495
9/29/2007,3.1827
9/30/2007,3.1453
10/8/2007,3.1782
10/9/2007,3.2978
10/10/2007,3.318
10/11/2007,3.3874
10/12/2007,3.4038
10/15/2007,3.5668
10/16/2007,3.7896
10/17/2007,3.8122
10/18/2007,4.5113
10/19/2007,5.4258
10/22/2007,7.2128
10/23/2007,7.5053
10/24/2007,7.4802
10/25/2007,7.7742
10/26/2007,8.8271
10/29/2007,4.0065
10/30/2007,4.2873
10/31/2007,3.7134
11/1/2007,3.8813
11/2/2007,4.3229
11/5/2007,4.5621
11/6/2007,4.699
11/7/2007,5.7794
11/8/2007,5.7601
11/9/2007,5.4863
11/12/2007,5.3968
11/13/2007,5.5011
11/14/2007,5.5088
11/15/2007,5.4853
11/16/2007,5.3393
11/19/2007,5.2143
11/20/2007,5.0986
11/21/2007,4.9957
11/22/2007,4.7574
11/23/2007,4.5771
11/26/2007,4.2413
11/27/2007,4.0948
11/28/2007,4.0316
11/29/2007,4.4768
11/30/2007,4.5365
12/3/2007,4.6047
12/4/2007,4.8627
12/5/2007,4.6646
12/6/2007,4.6447
12/7/2007,4.1427
12/10/2007,4.1673
12/11/2007,4.4289
12/12/2007,4.7914
12/13/2007,4.7326
12/14/2007,4.6057
12/17/2007,4.347
12/18/2007,4.2634
12/19/2007,4.0395
12/20/2007,3.7146
12/21/2007,3.5026
12/24/2007,3.2342
12/25/2007,3.1323
12/26/2007,3.1381
12/27/2007,3.1419
12/28/2007,3.1511
12/29/2007,3.6136
1/2/2008,3.6792
1/3/2008,3.4737
1/4/2008,3.3918
1/7/2008,3.3197
1/8/2008,3.3025
1/9/2008,3.3371
1/10/2008,3.3555
1/11/2008,3.3419
1/14/2008,3.3041
1/15/2008,3.343
1/16/2008,3.4424
1/17/2008,3.6397
1/18/2008,3.566
1/21/2008,3.9284
1/22/2008,4.077
1/23/2008,4.0967
1/24/2008,4.0344
1/25/2008,4.0176
1/28/2008,4.0158
1/29/2008,3.9653
1/30/2008,3.6533
1/31/2008,3.5386
2/1/2008,3.4674
2/2/2008,3.3605
2/3/2008,3.3071
2/4/2008,3.2063
2/5/2008,3.1267
2/13/2008,3.1976
2/14/2008,3.125
2/15/2008,3.0941
2/18/2008,3.1884
2/19/2008,3.6029
2/20/2008,3.7982
2/21/2008,3.8795
2/22/2008,3.9457
2/25/2008,3.9834
2/26/2008,3.9815
2/27/2008,3.8279
2/28/2008,3.7197
2/29/2008,3.5356
3/3/2008,3.3483
3/4/2008,3.2489
3/5/2008,3.2507
3/6/2008,3.1744
3/7/2008,3.1091
3/10/2008,3.2005
3/11/2008,3.1854
3/12/2008,3.156
3/13/2008,3.1395
3/14/2008,3.1649
3/17/2008,3.2046
3/18/2008,3.2108
3/19/2008,3.2156
3/20/2008,3.2145
3/21/2008,3.2093
3/24/2008,3.2139
3/25/2008,3.2302
3/26/2008,3.2339
3/27/2008,3.2366
3/28/2008,3.2766
3/31/2008,3.2957
4/1/2008,3.3039
4/2/2008,3.3183
4/3/2008,3.3685
4/7/2008,3.5117
4/8/2008,3.6742
4/9/2008,3.6677
4/10/2008,3.7118
4/11/2008,3.4565
4/14/2008,3.3577
4/15/2008,3.3558
4/16/2008,3.3292
4/17/2008,3.3047
4/18/2008,3.271
4/21/2008,3.2817
4/22/2008,3.2896
4/23/2008,3.2598
4/24/2008,3.304
4/25/2008,3.3327
4/28/2008,3.3679
4/29/2008,3.4133
4/30/2008,3.434
5/4/2008,3.419
5/5/2008,3.412
5/6/2008,3.4105
5/7/2008,3.4713
5/8/2008,3.4933
5/9/2008,3.4339
5/12/2008,3.4259
5/13/2008,3.6789
5/14/2008,3.6541
5/15/2008,3.6595
5/16/2008,3.6763
5/19/2008,3.7351
5/20/2008,3.7404
5/21/2008,3.6783
5/22/2008,3.6852
5/23/2008,3.5212
5/26/2008,3.5411
5/27/2008,3.5788
5/28/2008,3.5978
5/29/2008,3.6019
5/30/2008,3.544
6/2/2008,3.4924
6/3/2008,3.5461
6/4/2008,3.5858
6/5/2008,3.5279
6/6/2008,3.5099
6/10/2008,4.1952
6/11/2008,4.3414
6/12/2008,4.232
6/13/2008,4.1022
6/16/2008,4.0774
6/17/2008,3.9919
6/18/2008,3.9692
6/19/2008,3.9599
6/20/2008,3.9841
6/23/2008,3.7201
6/24/2008,3.7007
6/25/2008,3.7278
6/26/2008,3.7128
6/27/2008,3.7548
6/30/2008,3.7352
7/1/2008,3.7256
7/2/2008,3.7508
7/3/2008,3.698
7/4/2008,3.5999
7/7/2008,3.4152
7/8/2008,3.3925
7/9/2008,3.3295
7/10/2008,3.3229
7/11/2008,3.2768
7/14/2008,3.3013
7/15/2008,3.2592
7/16/2008,3.3351
7/17/2008,3.2694
7/18/2008,3.2441
7/21/2008,3.2841
7/22/2008,3.3059
7/23/2008,3.2619
7/24/2008,3.2478
7/25/2008,3.2291
7/28/2008,3.2668
7/29/2008,3.4269
7/30/2008,3.3861
7/31/2008,3.3677
8/1/2008,3.3895
8/4/2008,3.5291
8/5/2008,3.6288
8/6/2008,3.4906
8/7/2008,3.4286
8/8/2008,3.3467
8/11/2008,3.3615
8/12/2008,3.3063
8/13/2008,3.2729
8/14/2008,3.2533
8/15/2008,3.2588
8/18/2008,3.3776
8/19/2008,3.396
8/20/2008,3.2844
8/21/2008,3.2561
8/22/2008,3.2595
8/25/2008,3.2504
8/26/2008,3.2325
8/27/2008,3.2221
8/28/2008,3.2168
8/29/2008,3.2167
9/1/2008,3.2426
9/2/2008,3.2262
9/3/2008,3.2158
9/4/2008,3.2127
9/5/2008,3.2153
9/8/2008,3.2099
9/9/2008,3.204
9/10/2008,3.2215
9/11/2008,3.2076
9/12/2008,3.2034
9/16/2008,3.2149
9/17/2008,3.2037
9/18/2008,3.2842
9/19/2008,3.3653
9/22/2008,3.7054
9/23/2008,3.8342
9/24/2008,3.7972
9/25/2008,3.6968
9/26/2008,3.5445
9/27/2008,3.4513
9/28/2008,3.467
10/6/2008,3.4062
10/7/2008,3.4013
10/8/2008,3.4133
10/9/2008,3.4074
10/10/2008,3.317
10/13/2008,3.2679
10/14/2008,3.2766
10/15/2008,3.1824
10/16/2008,3.1437
10/17/2008,3.114
10/20/2008,3.0892
10/21/2008,3.0581
10/22/2008,3.0524
10/23/2008,3.0908
10/24/2008,3.096
10/27/2008,3.0867
10/28/2008,3.0607
10/29/2008,3.0332
10/30/2008,3.021
10/31/2008,3.0108
11/3/2008,3.0034
11/4/2008,3.0178
11/5/2008,3.024
11/6/2008,3.0176
11/7/2008,2.9822
11/10/2008,2.9679
11/11/2008,2.967
11/12/2008,2.9615
11/13/2008,2.9426
11/14/2008,2.9266
11/17/2008,2.9178
11/18/2008,2.9043
11/19/2008,2.8868
11/20/2008,2.8642
11/21/2008,2.7935
11/24/2008,2.7725
11/25/2008,2.7929
11/26/2008,2.7869
11/27/2008,2.3108
11/28/2008,2.2833
12/1/2008,2.1736
12/2/2008,2.1364
12/3/2008,2.1162
12/4/2008,2.1077
12/5/2008,2.0997
12/8/2008,2.135
12/9/2008,2.0417
12/10/2008,1.9248
12/11/2008,1.7815
12/12/2008,1.7128
12/15/2008,1.6519
12/16/2008,1.669
12/17/2008,1.5083
12/18/2008,1.4774
12/19/2008,1.4579
12/22/2008,1.3465
12/23/2008,1.3201
12/24/2008,1.3126
12/25/2008,1.3108
12/26/2008,1.299
12/29/2008,1.2724
12/30/2008,1.2339
12/31/2008,1.2258
1/4/2009,1.2178
1/5/2009,1.215
1/6/2009,1.1417
1/7/2009,1.1256
1/8/2009,1.125
1/9/2009,1.1286
1/12/2009,1.1217
1/13/2009,1.1358
1/14/2009,1.1
1/15/2009,1.11
1/16/2009,1.1271
1/19/2009,1.1226
1/20/2009,1.095
1/21/2009,1.0777
1/22/2009,1.1042
1/23/2009,1.1144
1/24/2009,1.107
2/1/2009,1.095
2/2/2009,1.08
2/3/2009,1.0888
2/4/2009,1.0775
2/5/2009,1.0708
2/6/2009,1.065
2/9/2009,1.0564
2/10/2009,1.0538
2/11/2009,1.0548
2/12/2009,1.0654
2/13/2009,1.0679
2/16/2009,1.0693
2/17/2009,1.0583
2/18/2009,1.0592
2/19/2009,1.0567
2/20/2009,1.0525
2/23/2009,1.0493
2/24/2009,1.0442
2/25/2009,1.0418
2/26/2009,1.0358
2/27/2009,1.035
3/2/2009,1.0386
3/3/2009,1.0302
3/4/2009,1.0341
3/5/2009,1.031
3/6/2009,1.035
3/9/2009,1.0375
3/10/2009,1.0314
3/11/2009,1.0313
3/12/2009,1.0293
3/13/2009,1.0254
3/16/2009,1.0296
3/17/2009,1.0292
3/18/2009,1.0271
3/19/2009,1.0304
3/20/2009,1.0313
3/23/2009,1.0319
3/24/2009,1.0315
3/25/2009,1.029
3/26/2009,1.0296
3/27/2009,1.0275
3/30/2009,1.0263
3/31/2009,1.0285
4/1/2009,1.025
4/2/2009,1.0283
4/3/2009,1.0279
4/7/2009,1.0215
4/8/2009,1.0201
4/9/2009,1.0249
4/10/2009,1.0242
4/13/2009,1.0263
4/14/2009,1.023
4/15/2009,1.0191
4/16/2009,1.0186
4/17/2009,1.0166
4/20/2009,1.0155
4/21/2009,1.0188
4/22/2009,1.0183
4/23/2009,1.0183
4/24/2009,1.0186
4/27/2009,1.0211
4/28/2009,1.0188
4/29/2009,1.0207
4/30/2009,1.0258
5/4/2009,1.0263
5/5/2009,1.0253
5/6/2009,1.025
5/7/2009,1.0237
5/8/2009,1.0221
5/11/2009,1.0271
5/12/2009,1.0228
5/13/2009,1.02
5/14/2009,1.0192
5/15/2009,1.0166
5/18/2009,1.0143
5/19/2009,1.0153
5/20/2009,1.0151
5/21/2009,1.0143
5/22/2009,1.0133
5/25/2009,1.0219
5/26/2009,1.0293
5/27/2009,1.0321
5/31/2009,1.0271
6/1/2009,1.0271
6/2/2009,1.0271
6/3/2009,1.0258
6/4/2009,1.029
6/5/2009,1.0274
6/8/2009,1.0278
6/9/2009,1.0275
6/10/2009,1.0325
6/11/2009,1.0361
6/12/2009,1.035
6/15/2009,1.036
6/16/2009,1.0334
6/17/2009,1.038
6/18/2009,1.0409
6/19/2009,1.1088
6/22/2009,1.1883
6/23/2009,1.2142
6/24/2009,1.245
6/25/2009,1.2555
6/26/2009,1.2717
6/29/2009,1.2808
6/30/2009,1.3008
7/1/2009,1.2998
7/2/2009,1.3025
7/3/2009,1.305
7/6/2009,1.3158
7/7/2009,1.3258
7/8/2009,1.3313
7/9/2009,1.3433
7/10/2009,1.3524
7/13/2009,1.3758
7/14/2009,1.3938
7/15/2009,1.4117
7/16/2009,1.4417
7/17/2009,1.4672
7/20/2009,1.5125
7/21/2009,1.606
7/22/2009,1.6492
7/23/2009,1.6733
7/24/2009,1.6433
7/27/2009,1.6608
7/28/2009,1.6868
7/29/2009,1.6974
7/30/2009,1.7475
7/31/2009,1.753
8/3/2009,1.7484
8/4/2009,1.739
8/5/2009,1.7451
8/6/2009,1.7527
8/7/2009,1.7452
8/10/2009,1.7383
8/11/2009,1.7403
8/12/2009,1.7393
8/13/2009,1.7339
8/14/2009,1.7235
8/17/2009,1.7169
8/18/2009,1.7156
8/19/2009,1.703
8/20/2009,1.6965
8/21/2009,1.6778
8/24/2009,1.652
8/25/2009,1.634
8/26/2009,1.6254
8/27/2009,1.6133
8/28/2009,1.6096
8/31/2009,1.6063
9/1/2009,1.6032
9/2/2009,1.6033
9/3/2009,1.6167
9/4/2009,1.6274
9/7/2009,1.6293
9/8/2009,1.6304
9/9/2009,1.6341
9/10/2009,1.6364
9/11/2009,1.644
9/14/2009,1.6497
9/15/2009,1.6511
9/16/2009,1.656
9/17/2009,1.6724
9/18/2009,1.6734
9/21/2009,1.6746
9/22/2009,1.6902
9/23/2009,1.706
9/24/2009,1.7102
9/25/2009,1.719
9/27/2009,1.7219
9/28/2009,1.7237
9/29/2009,1.7383
9/30/2009,1.7438
10/9/2009,1.7434
10/10/2009,1.7333
10/12/2009,1.7374
10/13/2009,1.7373
10/14/2009,1.7339
10/15/2009,1.7339
10/16/2009,1.7306
10/19/2009,1.7291
10/20/2009,1.725
10/21/2009,1.725
10/22/2009,1.723
10/23/2009,1.7162
10/26/2009,1.7144
10/27/2009,1.7133
10/28/2009,1.7095
10/29/2009,1.7074
10/30/2009,1.7072
11/2/2009,1.7076
11/3/2009,1.7097
11/4/2009,1.706
11/5/2009,1.7083
11/6/2009,1.7095
11/9/2009,1.7075
11/10/2009,1.7082
11/11/2009,1.7064
11/12/2009,1.7075
11/13/2009,1.7069
11/16/2009,1.7071
11/17/2009,1.7119
11/18/2009,1.7138
11/19/2009,1.7135
11/20/2009,1.7175
11/23/2009,1.7184
11/24/2009,1.7223
11/25/2009,1.7257
11/26/2009,1.7265
11/27/2009,1.7263
11/30/2009,1.7254
12/1/2009,1.7236
12/2/2009,1.7248
12/3/2009,1.7226
12/4/2009,1.7236
12/7/2009,1.7239
12/8/2009,1.7261
12/9/2009,1.7281
12/10/2009,1.7275
12/11/2009,1.7293
12/14/2009,1.7308
12/15/2009,1.7339
12/16/2009,1.7353
12/17/2009,1.7333
12/18/2009,1.733
12/21/2009,1.7436
12/22/2009,1.7509
12/23/2009,1.7644
12/24/2009,1.7707
12/25/2009,1.7865
12/28/2009,1.7938
12/29/2009,1.7975
12/30/2009,1.799
12/31/2009,1.7945
1/4/2010,1.7728
1/5/2010,1.758
1/6/2010,1.7513
1/7/2010,1.7444
1/8/2010,1.7463
1/11/2010,1.7401
1/12/2010,1.7392
1/13/2010,1.7426
1/14/2010,1.7448
1/15/2010,1.7426
1/18/2010,1.7371
1/19/2010,1.7368
1/20/2010,1.7375
1/21/2010,1.7397
1/22/2010,1.7396
1/25/2010,1.7431
1/26/2010,1.7467
1/27/2010,1.7563
1/28/2010,1.8074
1/29/2010,1.8129
2/1/2010,1.8311
2/2/2010,1.8421
2/3/2010,1.8511
2/4/2010,1.8503
2/5/2010,1.8545
2/8/2010,1.8539
2/9/2010,1.881
2/10/2010,1.8975
2/11/2010,2.065
2/12/2010,2.0106
2/20/2010,2.0142
2/21/2010,1.9191
2/22/2010,1.8679
2/23/2010,1.8569
2/24/2010,1.8569
2/25/2010,1.8533
2/26/2010,1.8561
3/1/2010,1.844
3/2/2010,1.8358
3/3/2010,1.8341
3/4/2010,1.8363
3/5/2010,1.8361
3/8/2010,1.8419
3/9/2010,1.8379
3/10/2010,1.834
3/11/2010,1.8299
3/12/2010,1.8189
3/15/2010,1.8019
3/16/2010,1.7927
3/17/2010,1.7879
3/18/2010,1.7836
3/19/2010,1.7792
3/22/2010,1.7753
3/23/2010,1.7682
3/24/2010,1.7652
3/25/2010,1.7629
3/26/2010,1.7603
3/29/2010,1.7532
3/30/2010,1.7461
3/31/2010,1.7403
4/1/2010,1.7375
4/2/2010,1.7402
4/6/2010,1.7392
4/7/2010,1.7442
4/8/2010,1.7471
4/9/2010,1.7475
4/12/2010,1.7471
4/13/2010,1.7468
4/14/2010,1.7474
4/15/2010,1.7478
4/16/2010,1.7463
4/19/2010,1.7464
4/20/2010,1.7459
4/21/2010,1.7438
4/22/2010,1.7406
4/23/2010,1.7426
4/26/2010,1.7473
4/27/2010,1.7465
4/28/2010,1.7472
4/29/2010,1.7474
4/30/2010,1.7562
5/4/2010,1.7614
5/5/2010,1.7668
5/6/2010,1.7704
5/7/2010,1.7783
5/10/2010,1.7817
5/11/2010,1.7881
5/12/2010,1.7918
5/13/2010,1.7938
5/14/2010,1.7954
5/17/2010,1.7986
5/18/2010,1.7988
5/19/2010,1.8017
5/20/2010,1.8113
5/21/2010,1.8715
5/24/2010,1.943
5/25/2010,2.0482
5/26/2010,2.1917
5/27/2010,2.3117
5/28/2010,2.3792
5/31/2010,2.4967
6/1/2010,2.9348
6/2/2010,3.0533
6/3/2010,3.0633
6/4/2010,2.9692
6/7/2010,2.9367
6/8/2010,2.9675
6/9/2010,2.9717
6/10/2010,3.0107
6/11/2010,3.0833
6/12/2010,3.1628
6/13/2010,3.184
6/17/2010,3.2233
6/18/2010,3.3567
6/21/2010,3.5542
6/22/2010,3.76
6/23/2010,3.8796
6/24/2010,3.9942
6/25/2010,4.0525
6/28/2010,3.9075
6/29/2010,3.8904
6/30/2010,3.883
7/1/2010,3.5092
7/2/2010,3.3483
7/5/2010,3.1533
7/6/2010,2.9808
7/7/2010,2.82
7/8/2010,2.715
7/9/2010,2.6214
7/12/2010,2.595
7/13/2010,2.5296
7/14/2010,2.4624
7/15/2010,2.3936
7/16/2010,2.375
7/19/2010,2.4158
7/20/2010,2.4008
7/21/2010,2.3358
7/22/2010,2.3008
7/23/2010,2.2575
7/26/2010,2.2492
7/27/2010,2.2275
7/28/2010,2.1906
7/29/2010,2.175
7/30/2010,2.1575
8/2/2010,2.1525
8/3/2010,2.1292
8/4/2010,2.1171
8/5/2010,2.1092
8/6/2010,2.1129
8/9/2010,2.1108
8/10/2010,2.1158
8/11/2010,2.1404
8/12/2010,2.1292
8/13/2010,2.1358
8/16/2010,2.1376
8/17/2010,2.1462
8/18/2010,2.1479
8/19/2010,2.1508
8/20/2010,2.1452
8/23/2010,2.1383
8/24/2010,2.14
8/25/2010,2.1425
8/26/2010,2.1608
8/27/2010,2.3636
8/30/2010,2.5908
8/31/2010,2.8433
9/1/2010,2.9017
9/2/2010,2.8017
9/3/2010,2.75
9/6/2010,2.6225
9/7/2010,2.5967
9/8/2010,2.5792
9/9/2010,2.5626
9/10/2010,2.6242
9/13/2010,2.8392
9/14/2010,3.0933
9/15/2010,3.2661
9/16/2010,3.3158
9/17/2010,3.3629
9/19/2010,3.2708
9/20/2010,3.2342
9/21/2010,3.4392
9/25/2010,3.4592
9/26/2010,3.5517
9/27/2010,3.6258
9/28/2010,3.7283
9/29/2010,3.7592
9/30/2010,3.5067
10/8/2010,3.075
10/9/2010,2.8464
10/11/2010,2.7631
10/12/2010,2.639
10/13/2010,2.545
10/14/2010,2.4583
10/15/2010,2.44
10/18/2010,2.4758
10/19/2010,2.5354
10/20/2010,2.6467
10/21/2010,2.6654
10/22/2010,2.6635
10/25/2010,2.6136
10/26/2010,2.6185
10/27/2010,2.6429
10/28/2010,2.6471
10/29/2010,2.6564
11/1/2010,2.6571
11/2/2010,2.651
11/3/2010,2.6492
11/4/2010,2.6498
11/5/2010,2.6329
11/8/2010,2.6238
11/9/2010,2.6253
11/10/2010,2.5921
11/11/2010,2.6058
11/12/2010,2.6167
11/15/2010,2.63
11/16/2010,2.6352
11/17/2010,2.6322
11/18/2010,2.6455
11/19/2010,2.678
11/22/2010,2.8772
11/23/2010,3.0189
11/24/2010,3.2658
11/25/2010,3.4383
11/26/2010,3.5017
11/29/2010,3.5963
11/30/2010,3.71
12/1/2010,3.895
12/2/2010,3.815
12/3/2010,3.8163
12/6/2010,3.7655
12/7/2010,3.5938
12/8/2010,3.7625
12/9/2010,3.7525
12/10/2010,3.845
12/13/2010,3.8129
12/14/2010,3.9592
12/15/2010,4.0975
12/16/2010,4.1983
12/17/2010,4.3035
12/20/2010,4.3297
12/21/2010,4.491
12/22/2010,4.7952
12/23/2010,5.1767
12/24/2010,5.743
12/27/2010,6.0678
12/28/2010,6.1827
12/29/2010,6.21
12/30/2010,6.2217
12/31/2010,6.169
1/4/2011,4.4711
1/5/2011,4.1676
1/6/2011,4.1188
1/7/2011,3.9565
1/10/2011,3.9007
1/11/2011,3.8782
1/12/2011,3.8569
1/13/2011,3.8299
1/14/2011,3.8204
1/17/2011,4.1505
1/18/2011,4.4708
1/19/2011,5.2633
1/20/2011,6.735
1/21/2011,7.4775
1/24/2011,7.9417
1/25/2011,8.13
1/26/2011,8.1258
1/27/2011,8.1392
1/28/2011,8.13
1/30/2011,8.1118
1/31/2011,8.1318
2/1/2011,6.625
2/9/2011,5.5818
2/10/2011,5.3151
2/11/2011,5.1129
2/12/2011,4.7917
2/14/2011,4.4325
2/15/2011,4.4292
2/16/2011,4.4817
2/17/2011,4.3436
2/18/2011,4.3814
2/21/2011,5.215
2/22/2011,5.3383
2/23/2011,5.1042
2/24/2011,4.8545
2/25/2011,4.8413
2/28/2011,4.7503
3/1/2011,4.4535
3/2/2011,4.2138
3/3/2011,4.0445
3/4/2011,4.0075
3/7/2011,3.7679
3/8/2011,3.7475
3/9/2011,3.618
3/10/2011,3.7062
3/11/2011,3.6936
3/14/2011,3.7425
3/15/2011,3.9108
3/16/2011,3.9639
3/17/2011,3.9342
3/18/2011,3.8817
3/21/2011,3.909
3/22/2011,3.91
3/23/2011,3.8799
3/24/2011,3.8606
3/25/2011,3.8509
3/28/2011,3.8484
3/29/2011,3.6517
3/30/2011,3.5989
3/31/2011,3.59
4/1/2011,3.565
4/2/2011,3.5343
4/6/2011,3.522
4/7/2011,3.5109
4/8/2011,3.5217
4/11/2011,3.5128
4/12/2011,3.5132
4/13/2011,3.4976
4/14/2011,3.4756
4/15/2011,3.4479
4/18/2011,3.4625
4/19/2011,3.4629
4/20/2011,3.5039
4/21/2011,4.0058
4/22/2011,4.2225
4/25/2011,4.4425
4/26/2011,4.6149
4/27/2011,4.5172
4/28/2011,4.3444
4/29/2011,4.1433
5/3/2011,3.9708
5/4/2011,3.8824
5/5/2011,3.6765
5/6/2011,3.5907
5/9/2011,3.6158
5/10/2011,3.628
5/11/2011,3.6542
5/12/2011,3.7142
5/13/2011,3.93
5/16/2011,4.5592
5/17/2011,4.63
5/18/2011,4.5808
5/19/2011,4.5058
5/20/2011,4.4949
5/23/2011,4.89
5/24/2011,5.1233
5/25/2011,5.3367
5/26/2011,5.36
5/27/2011,5.0908
5/30/2011,4.734
5/31/2011,4.6269
6/1/2011,4.4299
6/2/2011,4.4954
6/3/2011,4.584
6/7/2011,4.6025
6/8/2011,4.8667
6/9/2011,5.1317
6/10/2011,5.3242
6/13/2011,5.395
6/14/2011,5.4417
6/15/2011,7.1625
6/16/2011,7.3708
6/17/2011,7.3895
6/20/2011,7.4458
6/21/2011,7.5583
6/22/2011,7.5683
6/23/2011,7.9167
6/24/2011,7.8857
6/27/2011,7.9225
6/28/2011,7.755
6/29/2011,7.7363
6/30/2011,7.5666
7/1/2011,7.2727
7/4/2011,6.6792
7/5/2011,6.396
7/6/2011,6.4292
7/7/2011,6.0717
7/8/2011,5.8892
7/11/2011,5.545
7/12/2011,5.3214
7/13/2011,5.2603
7/14/2011,5.2627
7/15/2011,5.3109
7/18/2011,5.42
7/19/2011,5.445
7/20/2011,5.9083
7/21/2011,6.6117
7/22/2011,6.9975
7/25/2011,6.6608
7/26/2011,6.6692
7/27/2011,6.5833
7/28/2011,6.428
7/29/2011,6.2651
8/1/2011,5.7242
8/2/2011,5.3972
8/3/2011,5.1933
8/4/2011,5.01
8/5/2011,5.0444
8/8/2011,5.0313
8/9/2011,5.0583
8/10/2011,5.0038
8/11/2011,4.9725
8/12/2011,4.9842
8/15/2011,4.8707
8/16/2011,4.8367
8/17/2011,4.8861
8/18/2011,5.07
8/19/2011,5.4275
8/22/2011,5.4663
8/23/2011,5.4797
8/24/2011,5.2292
8/25/2011,5.14
8/26/2011,5.015
8/29/2011,5.2858
8/30/2011,5.3277
8/31/2011,5.4033
9/1/2011,5.4242
9/2/2011,5.58
9/5/2011,5.6608
9/6/2011,5.6708
9/7/2011,5.5069
9/8/2011,5.3543
9/9/2011,5.0942
9/13/2011,5.065
9/14/2011,5.3
9/15/2011,5.2583
9/16/2011,5.2149
9/19/2011,5.4267
9/20/2011,5.685
9/21/2011,5.8408
9/22/2011,5.9258
9/23/2011,5.88
9/26/2011,5.8733
9/27/2011,5.7011
9/28/2011,5.815
9/29/2011,5.8242
9/30/2011,5.9167
10/8/2011,5.4838
10/9/2011,5.2758
10/10/2011,5.2975
10/11/2011,5.2396
10/12/2011,5.3258
10/13/2011,5.29
10/14/2011,5.3292
10/17/2011,5.0558
10/18/2011,5.0626
10/19/2011,5.0044
10/20/2011,4.9775
10/21/2011,4.9608
10/24/2011,4.9667
10/25/2011,5.101
10/26/2011,5.145
10/27/2011,5.3269
10/28/2011,5.8317
10/31/2011,5.9107
11/1/2011,5.6958
11/2/2011,5.2208
11/3/2011,5.1758
11/4/2011,5.0775
11/7/2011,4.9242
11/8/2011,4.9133
11/9/2011,4.5819
11/10/2011,4.6075
11/11/2011,4.5358
11/14/2011,4.5358
11/15/2011,4.5622
11/16/2011,4.6345
11/17/2011,4.8814
11/18/2011,4.9232
11/21/2011,5.145
11/22/2011,5.3083
11/23/2011,5.2993
11/24/2011,5.3211
11/25/2011,5.3208
11/28/2011,5.1583
11/29/2011,5.1517
11/30/2011,4.8033
12/1/2011,4.7028
12/2/2011,4.608
12/5/2011,4.6271
12/6/2011,4.6543
12/7/2011,4.6969
12/8/2011,4.8042
12/9/2011,4.5743
12/12/2011,4.8814
12/13/2011,4.9194
12/14/2011,4.7305
12/15/2011,5.0975
12/16/2011,5.0583
12/19/2011,5.39
12/20/2011,5.5708
12/21/2011,5.865
12/22/2011,5.8917
12/23/2011,5.8172
12/26/2011,5.8097
12/27/2011,5.8511
12/28/2011,5.85
12/29/2011,5.85
12/30/2011,5.99
12/31/2011,6
1/4/2012,5.9133
1/5/2012,5.8494
1/6/2012,5.9483
1/9/2012,5.9351
1/10/2012,5.9339
1/11/2012,5.9484
1/12/2012,5.8467
1/13/2012,6.1918
1/16/2012,6.91
1/17/2012,7.7992
1/18/2012,9.2356
1/19/2012,7.5842
1/20/2012,6.025
1/21/2012,5.4792
1/29/2012,5.4142
1/30/2012,5.4208
1/31/2012,5.3645
2/1/2012,5.2567
2/2/2012,5.2098
2/3/2012,4.9293
2/6/2012,4.9967
2/7/2012,4.7798
2/8/2012,4.7357
2/9/2012,4.6975
2/10/2012,4.5147
2/13/2012,4.4267
2/14/2012,4.4175
2/15/2012,4.5992
2/16/2012,5.0227
2/17/2012,5.8244
2/20/2012,5.7102
2/21/2012,5.6908
2/22/2012,5.7958
2/23/2012,5.6433
2/24/2012,5.2525
2/27/2012,5.0793
2/28/2012,4.7042
2/29/2012,4.6433
3/1/2012,4.663
3/2/2012,4.4635
3/5/2012,4.435
3/6/2012,4.2527
3/7/2012,3.984
3/8/2012,3.9892
3/9/2012,4.0133
3/12/2012,4.0233
3/13/2012,4
3/14/2012,4.0492
3/15/2012,4.12
3/16/2012,4.12
3/19/2012,4.0345
3/20/2012,4.071
3/21/2012,4.343
3/22/2012,4.4
3/23/2012,4.375
3/26/2012,4.2297
3/27/2012,4.4258
3/28/2012,4.5088
3/29/2012,4.2309
3/30/2012,4.1577
3/31/2012,4.2192
4/1/2012,4.1269
4/5/2012,4.0751
4/6/2012,4.052
4/9/2012,4.0384
4/10/2012,4.0071
4/11/2012,4.0002
4/12/2012,4.075
4/13/2012,4.0129
4/16/2012,4.2158
4/17/2012,4
4/18/2012,3.9383
4/19/2012,3.9738
4/20/2012,4.0875
4/23/2012,4.0952
4/24/2012,4.19
4/25/2012,4.0801
4/26/2012,4.085
4/27/2012,4.1267
4/28/2012,4.04
5/2/2012,4.09
5/3/2012,3.9681
5/4/2012,3.9321
5/7/2012,3.8577
5/8/2012,3.7704
5/9/2012,3.7368
5/10/2012,3.663
5/11/2012,3.655
5/14/2012,3.5013
5/15/2012,3.4892
5/16/2012,3.33
5/17/2012,3.1058
5/18/2012,3.0283
5/21/2012,3.0033
5/22/2012,2.9783
5/23/2012,3.0258
5/24/2012,3.0525
5/25/2012,3.0267
5/28/2012,3.0033
5/29/2012,3
5/30/2012,2.985
5/31/2012,2.9642
6/1/2012,2.8983
6/4/2012,2.8292
6/5/2012,2.7808
6/6/2012,2.8063
6/7/2012,2.8563
6/8/2012,2.9463
6/11/2012,2.9725
6/12/2012,2.9871
6/13/2012,3.1683
6/14/2012,3.2375
6/15/2012,3.1992
6/18/2012,3.2954
6/19/2012,3.3917
6/20/2012,3.4767
6/21/2012,4.2829
6/25/2012,4.6192
6/26/2012,4.8
6/27/2012,4.6883
6/28/2012,4.2313
6/29/2012,4.4758
7/2/2012,4.4835
7/3/2012,4.4102
7/4/2012,4.355
7/5/2012,4.3492
7/6/2012,3.9985
7/9/2012,3.5896
7/10/2012,3.3534
7/11/2012,3.2873
7/12/2012,3.1943
7/13/2012,3.1658
7/16/2012,3.1404
7/17/2012,3.1222
7/18/2012,3.2816
7/19/2012,3.5771
7/20/2012,3.6792
7/23/2012,3.9063
7/24/2012,3.9925
7/25/2012,3.7829
7/26/2012,3.7518
7/27/2012,3.5183
7/30/2012,3.4547
7/31/2012,3.3479
8/1/2012,3.3415
8/2/2012,3.314
8/3/2012,3.3117
8/6/2012,3.246
8/7/2012,3.2177
8/8/2012,3.2342
8/9/2012,3.2283
8/10/2012,3.2325
8/13/2012,3.2392
8/14/2012,3.3872
8/15/2012,3.5592
8/16/2012,3.7633
8/17/2012,4.0517
8/20/2012,4.1235
8/21/2012,4.2654
8/22/2012,4.0417
8/23/2012,4.0338
8/24/2012,3.9121
8/27/2012,3.8664
8/28/2012,3.7593
8/29/2012,3.7267
8/30/2012,3.6871
8/31/2012,3.652
9/3/2012,3.5367
9/4/2012,3.4849
9/5/2012,3.6371
9/6/2012,3.635
9/7/2012,3.7336
9/10/2012,3.6839
9/11/2012,3.8179
9/12/2012,3.8667
9/13/2012,3.9246
9/14/2012,3.9443
9/17/2012,3.9858
9/18/2012,4.0208
9/19/2012,4.105
9/20/2012,4.308
9/21/2012,4.4247
9/24/2012,4.6654
9/25/2012,4.8375
9/26/2012,4.8296
9/27/2012,4.1667
9/28/2012,3.9675
9/29/2012,3.9925
10/8/2012,4
10/9/2012,4.0088
10/10/2012,3.8492
10/11/2012,3.6752
10/12/2012,3.5943
10/15/2012,3.6167
10/16/2012,3.6283
10/17/2012,3.6579
10/18/2012,3.7371
10/19/2012,3.4716
10/22/2012,3.3763
10/23/2012,3.4033
10/24/2012,3.93
10/25/2012,4.3796
10/26/2012,4.5955
10/29/2012,4.9379
10/30/2012,4.3633
10/31/2012,4.2175
11/1/2012,4.0034
11/2/2012,3.8332
11/5/2012,3.7702
11/6/2012,3.7467
11/7/2012,3.7821
11/8/2012,3.7602
11/9/2012,3.7288
11/12/2012,3.7313
11/13/2012,3.785
11/14/2012,3.7495
11/15/2012,3.8005
11/16/2012,3.6475
11/19/2012,3.7244
11/20/2012,3.6583
11/21/2012,3.6739
11/22/2012,3.7142
11/23/2012,3.7283
11/26/2012,3.7458
11/27/2012,3.7594
11/28/2012,3.8344
11/29/2012,3.8759
11/30/2012,3.86
12/3/2012,3.7833
12/4/2012,3.7797
12/5/2012,3.8065
12/6/2012,3.8615
12/7/2012,3.92
12/10/2012,3.951
12/11/2012,3.9838
12/12/2012,4.0339
12/13/2012,3.9854
12/14/2012,4.0386
12/17/2012,3.894
12/18/2012,4.1302
12/19/2012,4.389
12/20/2012,4.688
12/21/2012,4.8633
12/24/2012,4.898
12/25/2012,4.92
12/26/2012,4.595
12/27/2012,4.8605
12/28/2012,4.863
12/31/2012,4.899
1/4/2013,4.203
1/5/2013,4.164
1/6/2013,4.019
1/7/2013,4.012
1/8/2013,3.99
1/9/2013,3.908
1/10/2013,3.7627
1/11/2013,3.777
1/14/2013,3.791
1/15/2013,3.7028
1/16/2013,3.6885
1/17/2013,3.737
1/18/2013,3.7785
1/21/2013,3.6829
1/22/2013,3.83
1/23/2013,3.792
1/24/2013,3.858
1/25/2013,3.935
1/28/2013,4.016
1/29/2013,3.997
1/30/2013,4.085
1/31/2013,4.199
2/1/2013,4.176
2/4/2013,4.253
2/5/2013,4.1555
2/6/2013,4.1035
2/7/2013,4.145
2/8/2013,4.045
2/16/2013,3.9
2/17/2013,3.667
2/18/2013,3.582
2/19/2013,3.4536
2/20/2013,3.3646
2/21/2013,3.2801
2/22/2013,3.278
2/25/2013,3.2713
2/26/2013,4.405
2/27/2013,4.384
2/28/2013,4.4901
3/1/2013,4.4505
3/4/2013,4.281
3/5/2013,3.806
3/6/2013,3.6279
3/7/2013,3.5335
3/8/2013,3.4425
3/11/2013,3.422
3/12/2013,3.34
3/13/2013,3.3301
3/14/2013,3.318
3/15/2013,3.292
3/18/2013,3.2612
3/19/2013,3.2782
3/20/2013,3.591
3/21/2013,3.36
3/22/2013,3.3245
3/25/2013,3.2985
3/26/2013,3.2473
3/27/2013,3.277
3/28/2013,3.351
3/29/2013,3.4
4/1/2013,3.434
4/2/2013,3.4245
4/3/2013,3.352
4/7/2013,3.3308
4/8/2013,3.3065
4/9/2013,3.276
4/10/2013,3.3033
4/11/2013,3.268
4/12/2013,3.2358
4/15/2013,3.2128
4/16/2013,3.2593
4/17/2013,3.302
4/18/2013,3.336
4/19/2013,3.797
4/22/2013,4.109
4/23/2013,4.303
4/24/2013,4.667
4/25/2013,4.294
4/26/2013,3.9
4/27/2013,3.585
4/28/2013,3.442
5/2/2013,3.3
5/3/2013,3.233
5/6/2013,3.233
5/7/2013,3.25
5/8/2013,3.2565
5/9/2013,3.2725
5/10/2013,3.274
5/13/2013,3.318
5/14/2013,3.31
5/15/2013,3.253
5/16/2013,3.4
5/17/2013,3.967
5/20/2013,4.517
5/21/2013,4.512
5/22/2013,4.456
5/23/2013,4.635
5/24/2013,4.595
5/27/2013,4.391
5/28/2013,4.1457
5/29/2013,3.68
5/30/2013,3.75
5/31/2013,4.016
6/3/2013,4.501
6/4/2013,4.3805
6/5/2013,4.512
6/6/2013,5.09
6/7/2013,6.3415
6/8/2013,6.646
6/9/2013,6.811
6/13/2013,6.962
6/14/2013,7.21
6/17/2013,7.282
6/18/2013,7.178
6/19/2013,7.615
6/20/2013,9.399
6/21/2013,9.698
6/24/2013,7.355
6/25/2013,8.418
6/26/2013,8.545
6/27/2013,8.384
6/28/2013,7.35
7/1/2013,6.88
7/2/2013,5.8
7/3/2013,5.2
7/4/2013,5.102
7/5/2013,4.7885
7/8/2013,4.3
7/9/2013,4.298
7/10/2013,4.269
7/11/2013,4.351
7/12/2013,4.128
7/15/2013,4.2705
7/16/2013,4.424
7/17/2013,4.53
7/18/2013,4.61
7/19/2013,4.669
7/22/2013,4.806
7/23/2013,4.99
7/24/2013,5.293
7/25/2013,5.468
7/26/2013,5.722
7/29/2013,5.988
7/30/2013,5.889
7/31/2013,5.34
8/1/2013,4.846
8/2/2013,4.642
8/5/2013,4.575
8/6/2013,4.6005
8/7/2013,4.58
8/8/2013,4.595
8/9/2013,4.535
8/12/2013,4.5
8/13/2013,4.524
8/14/2013,4.505
8/15/2013,4.517
8/16/2013,4.56
8/19/2013,4.925
8/20/2013,5.218
8/21/2013,5.04
8/22/2013,4.968
8/23/2013,5.016
8/26/2013,5.007
8/27/2013,4.974
8/28/2013,4.929
8/29/2013,4.903
8/30/2013,4.805
9/2/2013,4.6
9/3/2013,4.523
9/4/2013,4.581
9/5/2013,4.574
9/6/2013,4.484
9/9/2013,4.598
9/10/2013,4.862
9/11/2013,5.138
9/12/2013,5.374
9/13/2013,5.4834
9/16/2013,5.67
9/17/2013,5.836
9/18/2013,5.913
9/22/2013,5.948
9/23/2013,6.004
9/24/2013,6.1089
9/25/2013,5.856
9/26/2013,5.435
9/27/2013,5.33
9/29/2013,5.3
9/30/2013,5.3
10/8/2013,5.178
10/9/2013,5.213
10/10/2013,5.1
10/11/2013,5
10/12/2013,4.805
10/14/2013,4.85
10/15/2013,4.713
10/16/2013,4.857
10/17/2013,4.73
10/18/2013,4.613
10/21/2013,4.683
10/22/2013,4.707
10/23/2013,4.814
10/24/2013,5.4
10/25/2013,6.422
10/28/2013,6.477
10/29/2013,6.162
10/30/2013,5.924
10/31/2013,5.334
11/1/2013,5.162
11/4/2013,4.605
11/5/2013,4.6155
11/6/2013,4.869
11/7/2013,4.974
11/8/2013,5.077
11/11/2013,5.269
11/12/2013,4.865
11/13/2013,5.251
11/14/2013,5.325
11/15/2013,5.949
11/18/2013,6.405
11/19/2013,6.121
11/20/2013,6.179
11/21/2013,6.283
11/22/2013,6.378
11/25/2013,6.378
11/26/2013,6.582
11/27/2013,6.704
11/28/2013,6.555
11/29/2013,6.365
12/2/2013,6.263
12/3/2013,6.28
12/4/2013,6.235
12/5/2013,6.08
12/6/2013,5.596
12/9/2013,5.45
12/10/2013,5.296
12/11/2013,5.238
12/12/2013,5.4155
12/13/2013,5.423
12/16/2013,5.557
12/17/2013,6.235
12/18/2013,6.765
12/19/2013,7.1012
12/20/2013,7.53
12/23/2013,7.656
12/24/2013,6.605
12/25/2013,6.509
12/26/2013,6.57
12/27/2013,6.492
12/30/2013,6.122
12/31/2013,5.913
1/2/2014,5.91
1/3/2014,6.201
1/6/2014,6.475
1/7/2014,5.925
1/8/2014,5.65
1/9/2014,6.314
1/10/2014,5.675
1/13/2014,6.465
1/14/2014,6.4842
1/15/2014,6.742
1/16/2014,6.693
1/17/2014,6.964
1/20/2014,7.472
1/21/2014,7.427
1/22/2014,6.95
1/23/2014,6.708
1/24/2014,6.817
1/26/2014,6.995
1/27/2014,6.83
1/28/2014,7.333
1/29/2014,7.192
1/30/2014,5.441
2/7/2014,5.4
2/8/2014,5.811
2/10/2014,5.849
2/11/2014,5.758
2/12/2014,5.65
2/13/2014,5.629
2/14/2014,5.493
2/17/2014,5.365
2/18/2014,5.2985
2/19/2014,5.2942
2/20/2014,5.22
2/21/2014,5.176
2/24/2014,4.968
2/25/2014,4.519
2/26/2014,4.4435
2/27/2014,4.368
2/28/2014,4.316
3/3/2014,4.262
3/4/2014,4.365
3/5/2014,4.45
3/6/2014,4.64
3/7/2014,4.586
3/10/2014,4.574
3/11/2014,4.293
3/12/2014,3.872
3/13/2014,3.83
3/14/2014,3.868
3/17/2014,3.938
3/18/2014,4.022
3/19/2014,4.412
3/20/2014,4.619
3/21/2014,4.895
3/24/2014,5.148
3/25/2014,5.125
3/26/2014,4.835
3/27/2014,4.938
3/28/2014,4.769
3/31/2014,4.617
4/1/2014,4.6
4/2/2014,4.6
4/3/2014,4.6
4/4/2014,4.597
4/8/2014,4.437
4/9/2014,4.401
4/10/2014,4.375
4/11/2014,4.209
4/14/2014,4.165
4/15/2014,4.102
4/16/2014,4.085
4/17/2014,4.06
4/18/2014,3.93
4/21/2014,3.767
4/22/2014,3.808
4/23/2014,3.9511
4/24/2014,4.32
4/25/2014,4.286
4/28/2014,4.6
4/29/2014,4.593
4/30/2014,4.604
5/4/2014,4.5
5/5/2014,4.058
5/6/2014,3.941
5/7/2014,3.882
5/8/2014,3.79
5/9/2014,3.773
5/12/2014,3.66
5/13/2014,3.617
5/14/2014,3.5675
5/15/2014,3.651
5/16/2014,3.69
5/19/2014,3.736
5/20/2014,4.095
5/21/2014,4.2
5/22/2014,4.203
5/23/2014,4.0685
5/26/2014,4.1
5/27/2014,4
5/28/2014,3.94
5/29/2014,3.877
5/30/2014,3.861
6/3/2014,3.716
6/4/2014,3.931
6/5/2014,3.878
6/6/2014,3.984
6/9/2014,4.161
6/10/2014,4.159
6/11/2014,4.381
6/12/2014,4.719
6/13/2014,4.814
6/16/2014,5.058
6/17/2014,4.941
6/18/2014,4.972
6/19/2014,5.233
6/20/2014,5.435
6/23/2014,5.526
6/24/2014,5.638
6/25/2014,5.492
6/26/2014,5.035
6/27/2014,5.012
6/30/2014,5.004
7/1/2014,5.001
7/2/2014,4.891
7/3/2014,4.132
7/4/2014,4.063
7/7/2014,4.047
7/8/2014,4.046
7/9/2014,4.1
7/10/2014,4.1545
7/11/2014,4.163
7/14/2014,4.313
7/15/2014,4.417
7/16/2014,4.492
7/17/2014,4.588
7/18/2014,4.73
7/21/2014,5.03
7/22/2014,5.115
7/23/2014,5.271
7/24/2014,5.278
7/25/2014,4.95
7/28/2014,4.398
7/29/2014,4.141
7/30/2014,4.144
7/31/2014,4.2
8/1/2014,4.21
8/4/2014,4.105
8/5/2014,4.056
8/6/2014,4.104
8/7/2014,4.161
8/8/2014,4.101
8/11/2014,4.166
8/12/2014,4.154
8/13/2014,4.22
8/14/2014,4.233
8/15/2014,4.174
8/18/2014,4.31
8/19/2014,4.363
8/20/2014,4.286
8/21/2014,4.238
8/22/2014,4.2039
8/25/2014,4.199
8/26/2014,4.2
8/27/2014,4.178
8/28/2014,4.133
8/29/2014,4.114
9/1/2014,4.057
9/2/2014,4.096
9/3/2014,4.033
9/4/2014,3.97
9/5/2014,3.965
9/9/2014,3.93
9/10/2014,3.892
9/11/2014,3.906
9/12/2014,3.992
9/15/2014,4.008
9/16/2014,4.014
9/17/2014,4.06
9/18/2014,4.18
9/19/2014,4.31
9/22/2014,4.277
9/23/2014,4.098
9/24/2014,4
9/25/2014,3.998
9/26/2014,4.012
9/28/2014,4.057
9/29/2014,4.006
9/30/2014,3.998
10/8/2014,3.9905
10/9/2014,3.984
10/10/2014,3.93
10/11/2014,3.909
10/13/2014,3.881
10/14/2014,3.872
10/15/2014,3.8648
10/16/2014,3.842
10/17/2014,3.833
10/20/2014,3.809
10/21/2014,3.858
10/22/2014,3.877
10/23/2014,3.8789
10/24/2014,3.846
10/27/2014,3.8322
10/28/2014,3.902
10/29/2014,3.932
10/30/2014,3.993
10/31/2014,3.991
11/3/2014,3.915
11/4/2014,3.897
11/5/2014,3.883
11/6/2014,3.897
11/7/2014,3.895
11/10/2014,3.917
11/11/2014,3.9008
11/12/2014,3.856
11/13/2014,3.868
11/14/2014,3.893
11/17/2014,3.888
11/18/2014,3.877
11/19/2014,3.93
11/20/2014,4.051
11/21/2014,4.064
11/24/2014,4.019
11/25/2014,4.112
11/26/2014,4.101
11/27/2014,4.148
11/28/2014,4.114
12/1/2014,4.178
12/2/2014,4.195
12/3/2014,4.197
12/4/2014,4.1989
12/5/2014,4.218
12/8/2014,4.231
12/9/2014,4.295
12/10/2014,4.372
12/11/2014,4.468
12/12/2014,4.573
12/15/2014,4.6895
12/16/2014,4.92
12/17/2014,5.277
12/18/2014,5.447
12/19/2014,5.6855
12/22/2014,5.984
12/23/2014,6.13
12/24/2014,6.088
12/25/2014,6.029
12/26/2014,5.957
12/29/2014,5.654
12/30/2014,5.53
12/31/2014,5.588
1/4/2015,5.629
1/5/2015,5.364
1/6/2015,5.102
1/7/2015,4.953
1/8/2015,4.803
1/9/2015,4.781
1/12/2015,4.782
1/13/2015,4.787
1/14/2015,4.799
1/15/2015,4.797
1/16/2015,4.793
1/19/2015,4.79
1/20/2015,4.8465
1/21/2015,4.943
1/22/2015,4.989
1/23/2015,5.028
1/26/2015,4.984
1/27/2015,4.9658
1/28/2015,4.9732
1/29/2015,4.9885
1/30/2015,5.01
2/2/2015,5.048
2/3/2015,5.0667
2/4/2015,5.078
2/5/2015,5.0502
2/6/2015,5.043
2/9/2015,5.025
2/10/2015,5.031
2/11/2015,5.044
2/12/2015,5.055
2/13/2015,5.064
2/15/2015,5.067
2/16/2015,5.077
2/17/2015,5.076
2/25/2015,5.08
2/26/2015,5.0828
2/27/2015,5.0832
2/28/2015,5.0833
3/2/2015,5.069
3/3/2015,5.067
3/4/2015,5.066
3/5/2015,5.064
3/6/2015,5.06
3/9/2015,5.058
3/10/2015,5.055
3/11/2015,5.0518
3/12/2015,5.0511
3/13/2015,5.052
3/16/2015,5.045
3/17/2015,5.04
3/18/2015,5.035
3/19/2015,5.034
3/20/2015,5.031
3/23/2015,5.029
3/24/2015,5.02
3/25/2015,5.018
3/26/2015,5.016
3/27/2015,5.016
3/30/2015,5.013
3/31/2015,5.009
4/1/2015,4.998
4/2/2015,4.991
4/3/2015,4.923
4/7/2015,4.845
4/8/2015,4.7616
4/9/2015,4.6475
4/10/2015,4.5582
4/13/2015,4.4983
4/14/2015,4.442
4/15/2015,4.384
4/16/2015,4.346
4/17/2015,4.314
4/20/2015,4.146
4/21/2015,4.015
4/22/2015,3.908
4/23/2015,3.842
4/24/2015,3.768
4/27/2015,3.6705
4/28/2015,3.5982
4/29/2015,3.5295
4/30/2015,3.465
5/4/2015,3.38
5/5/2015,3.302
5/6/2015,3.267
5/7/2015,3.241
5/8/2015,3.211
5/11/2015,3.12
5/12/2015,3.083
5/13/2015,3.042
5/14/2015,2.957
5/15/2015,2.802
5/18/2015,2.664
5/19/2015,2.57
5/20/2015,2.514
5/21/2015,2.457
5/22/2015,2.389
5/25/2015,2.302
5/26/2015,2.268
5/27/2015,2.273
5/28/2015,2.271
5/29/2015,2.276
6/1/2015,2.29
6/2/2015,2.296
6/3/2015,2.326
6/4/2015,2.354
6/5/2015,2.365
6/8/2015,2.548
6/9/2015,2.647
6/10/2015,2.767
6/11/2015,2.84
6/12/2015,3.057
6/15/2015,3.098
6/16/2015,3.099
6/17/2015,3.108
6/18/2015,3.308
6/19/2015,3.359
6/23/2015,3.361
6/24/2015,3.446
6/25/2015,3.571
6/26/2015,3.634
6/29/2015,3.58
6/30/2015,3.521
7/1/2015,3.373
7/2/2015,3.314
7/3/2015,3.274
7/6/2015,3.215
7/7/2015,3.181
7/8/2015,3.155
7/9/2015,3.14
7/10/2015,3.125
7/13/2015,3.109
7/14/2015,3.102
7/15/2015,3.0785
7/16/2015,3.053
7/17/2015,3.051
7/20/2015,3.0322
7/21/2015,3.017
7/22/2015,3.018
7/23/2015,3.02
7/24/2015,3.012
7/27/2015,3.037
7/28/2015,3.03
7/29/2015,3.013
7/30/2015,3.008
7/31/2015,2.988
8/3/2015,2.971
8/4/2015,2.904
8/5/2015,2.844
8/6/2015,2.799
8/7/2015,2.754
8/10/2015,2.711
8/11/2015,2.668
8/12/2015,2.646
8/13/2015,2.646
8/14/2015,2.671
8/17/2015,2.691
8/18/2015,2.699
8/19/2015,2.707
8/20/2015,2.759
8/21/2015,2.789
8/24/2015,2.81
8/25/2015,2.858
8/26/2015,2.951
8/27/2015,2.958
8/28/2015,2.999
8/31/2015,3.034
9/1/2015,3.052
9/2/2015,3.052
9/6/2015,3.05
9/7/2015,3.04
9/8/2015,3.018
9/9/2015,3.01
9/10/2015,3.008
9/11/2015,3.005
9/14/2015,3.003
9/15/2015,3.005
9/16/2015,3.018
9/17/2015,3.037
9/18/2015,3.053
9/21/2015,3.071
9/22/2015,3.075
9/23/2015,3.086
9/24/2015,3.094
9/25/2015,3.087
9/28/2015,3.088
9/29/2015,3.091
9/30/2015,3.091
10/8/2015,3.092
10/9/2015,3.095
10/10/2015,3.095
10/12/2015,3.094
10/13/2015,3.09
10/14/2015,3.087
10/15/2015,3.074
10/16/2015,3.066
10/19/2015,3.057
10/20/2015,3.049
10/21/2015,3.034
10/22/2015,3.03
10/23/2015,3.023
10/26/2015,2.888
10/27/2015,2.824
10/28/2015,2.796
10/29/2015,2.786
10/30/2015,2.7645
11/2/2015,2.755
11/3/2015,2.747
11/4/2015,2.737
11/5/2015,2.733
11/6/2015,2.719
11/9/2015,2.711
11/10/2015,2.706
11/11/2015,2.705
11/12/2015,2.7
11/13/2015,2.697
11/16/2015,2.697
11/17/2015,2.692
11/18/2015,2.695
11/19/2015,2.698
11/20/2015,2.7
11/23/2015,2.701
11/24/2015,2.7
11/25/2015,2.7
11/26/2015,2.7
11/27/2015,2.7
11/30/2015,2.7
12/1/2015,2.7
12/2/2015,2.7
12/3/2015,2.7
12/4/2015,2.7
12/7/2015,2.7
12/8/2015,2.7
12/9/2015,2.7
12/10/2015,2.701
12/11/2015,2.701
12/14/2015,2.7
12/15/2015,2.721
12/16/2015,2.742
12/17/2015,2.762
12/18/2015,2.822
12/21/2015,2.891
12/22/2015,2.944
12/23/2015,2.987
12/24/2015,3
12/25/2015,3.004
12/28/2015,3.0065
12/29/2015,3.005
12/30/2015,3.004
12/31/2015,3.002
1/4/2016,3.001
1/5/2016,3.001
1/6/2016,3
1/7/2016,2.9995
1/8/2016,2.999
1/11/2016,2.998
1/12/2016,2.998
1/13/2016,2.967
1/14/2016,2.931
1/15/2016,2.899
1/18/2016,2.886
1/19/2016,2.881
1/20/2016,2.874
1/21/2016,2.918
1/22/2016,2.99
1/25/2016,3.019
1/26/2016,3.057
1/27/2016,3.092
1/28/2016,3.134
1/29/2016,3.168
2/1/2016,3.127
2/2/2016,3.101
2/3/2016,3.095
2/4/2016,3.089
2/5/2016,3.079
2/6/2016,3.044
2/14/2016,2.999
2/15/2016,2.979
2/16/2016,2.957
2/17/2016,2.938
2/18/2016,2.884
2/19/2016,2.839
2/22/2016,2.801
2/23/2016,2.775
2/24/2016,2.759
2/25/2016,2.757
2/26/2016,2.785
2/29/2016,2.8
3/1/2016,2.795
3/2/2016,2.738
3/3/2016,2.716
3/4/2016,2.703
3/7/2016,2.696
3/8/2016,2.689
3/9/2016,2.683
3/10/2016,2.678
3/11/2016,2.666
3/14/2016,2.659
3/15/2016,2.659
3/16/2016,2.6585
3/17/2016,2.662
3/18/2016,2.662
3/21/2016,2.692
3/22/2016,2.699
3/23/2016,2.7025
3/24/2016,2.704
3/25/2016,2.702
3/28/2016,2.706
3/29/2016,2.729
3/30/2016,2.7665
3/31/2016,2.807
4/1/2016,2.816
4/5/2016,2.8212
4/6/2016,2.8068
4/7/2016,2.8
4/8/2016,2.798
4/11/2016,2.797
4/12/2016,2.797
4/13/2016,2.799
4/14/2016,2.799
4/15/2016,2.799
4/18/2016,2.799
4/19/2016,2.8
4/20/2016,2.803
4/21/2016,2.8055
4/22/2016,2.8115
4/25/2016,2.823
4/26/2016,2.829
4/27/2016,2.833
4/28/2016,2.8415
4/29/2016,2.853
5/3/2016,2.8489
5/4/2016,2.845
5/5/2016,2.846
5/6/2016,2.842
5/9/2016,2.841
5/10/2016,2.841
5/11/2016,2.838
5/12/2016,2.835
5/13/2016,2.834
5/16/2016,2.834
5/17/2016,2.835
5/18/2016,2.839
5/19/2016,2.837
5/20/2016,2.839
5/23/2016,2.84
5/24/2016,2.842
5/25/2016,2.842
5/26/2016,2.845
5/27/2016,2.846
5/30/2016,2.846
5/31/2016,2.846
6/1/2016,2.842
6/2/2016,2.838
6/3/2016,2.835
6/6/2016,2.839
6/7/2016,2.838
6/8/2016,2.838
6/12/2016,2.842
6/13/2016,2.844
6/14/2016,2.844
6/15/2016,2.844
6/16/2016,2.8535
6/17/2016,2.859
6/20/2016,2.8675
6/21/2016,2.8728
6/22/2016,2.8768
6/23/2016,2.8813
6/24/2016,2.8852
6/27/2016,2.8886
6/28/2016,2.8899
6/29/2016,2.89
6/30/2016,2.887
7/1/2016,2.877
7/4/2016,2.869
7/5/2016,2.86
7/6/2016,2.856
7/7/2016,2.8535
7/8/2016,2.8495
7/11/2016,2.845
7/12/2016,2.837
7/13/2016,2.823
7/14/2016,2.81
7/15/2016,2.803
7/18/2016,2.799
7/19/2016,2.795
7/20/2016,2.794
7/21/2016,2.786
7/22/2016,2.784
7/25/2016,2.78
7/26/2016,2.779
7/27/2016,2.777
7/28/2016,2.775
7/29/2016,2.773
8/1/2016,2.7665
8/2/2016,2.761
8/3/2016,2.755
8/4/2016,2.739
8/5/2016,2.729
8/8/2016,2.721
8/9/2016,2.714
8/10/2016,2.709
8/11/2016,2.705
8/12/2016,2.705
8/15/2016,2.7056
8/16/2016,2.702
8/17/2016,2.698
8/18/2016,2.696
8/19/2016,2.696
8/22/2016,2.6978
8/23/2016,2.696
8/24/2016,2.6976
8/25/2016,2.6998
8/26/2016,2.697
8/29/2016,2.696
8/30/2016,2.696
8/31/2016,2.696
9/1/2016,2.696
9/2/2016,2.69
9/5/2016,2.686
9/6/2016,2.682
9/7/2016,2.677
9/8/2016,2.6745
9/9/2016,2.677
9/12/2016,2.6767
9/13/2016,2.6792
9/14/2016,2.686
9/18/2016,2.6896
9/19/2016,2.695
9/20/2016,2.699
9/21/2016,2.7069
9/22/2016,2.7177
9/23/2016,2.7298
9/26/2016,2.733
9/27/2016,2.7353
9/28/2016,2.7396
9/29/2016,2.743
9/30/2016,2.741
10/8/2016,2.736
10/9/2016,2.73
10/10/2016,2.725
10/11/2016,2.718
10/12/2016,2.7148
10/13/2016,2.7125
10/14/2016,2.711
10/17/2016,2.7101
10/18/2016,2.7121
10/19/2016,2.7133
10/20/2016,2.7213
10/21/2016,2.7242
10/24/2016,2.7245
10/25/2016,2.7265
10/26/2016,2.7347
10/27/2016,2.7365
10/28/2016,2.7427
10/31/2016,2.7453
11/1/2016,2.7486
11/2/2016,2.7509
11/3/2016,2.749
11/4/2016,2.7489
11/7/2016,2.7489
11/8/2016,2.747
11/9/2016,2.745
11/10/2016,2.746
11/11/2016,2.7476
11/14/2016,2.7508
11/15/2016,2.7511
11/16/2016,2.7545
11/17/2016,2.7608
11/18/2016,2.7739
11/21/2016,2.7894
11/22/2016,2.799
11/23/2016,2.8089
11/24/2016,2.8199
11/25/2016,2.826
11/28/2016,2.8446
11/29/2016,2.8565
11/30/2016,2.8697
12/1/2016,2.893
12/2/2016,2.9163
12/5/2016,2.9457
12/6/2016,2.9756
12/7/2016,2.9996
12/8/2016,3.03
12/9/2016,3.056
12/12/2016,3.0756
12/13/2016,3.0916
12/14/2016,3.1072
12/15/2016,3.1245
12/16/2016,3.1545
12/19/2016,3.1695
12/20/2016,3.2
12/21/2016,3.221
12/22/2016,3.2371
12/23/2016,3.2558
12/26/2016,3.2716
12/27/2016,3.2842
12/28/2016,3.2945
12/29/2016,3.2988
12/30/2016,3.3059
1/3/2017,3.3126
1/4/2017,3.3223
1/5/2017,3.3578
1/6/2017,3.4101
1/9/2017,3.4738
1/10/2017,3.5314
1/11/2017,3.5662
1/12/2017,3.6387
1/13/2017,3.6718
1/16/2017,3.6852
1/17/2017,3.7116
1/18/2017,3.7502
1/19/2017,3.7951
1/20/2017,3.8196
1/22/2017,3.808
1/23/2017,3.8118
1/24/2017,3.8142
1/25/2017,3.8295
1/26/2017,3.851
2/3/2017,3.8761
2/4/2017,3.8907
2/6/2017,3.9031
2/7/2017,3.9304
2/8/2017,3.9601
2/9/2017,3.9839
2/10/2017,3.9938
2/13/2017,4.0052
2/14/2017,4.016
2/15/2017,4.0312
2/16/2017,4.0516
2/17/2017,4.0652
2/20/2017,4.075
2/21/2017,4.082
2/22/2017,4.085
2/23/2017,4.093
2/24/2017,4.091
2/27/2017,4.082
2/28/2017,4.08
